forecast_day,tol,set_number,country,wind objective,solar objective,combined objective,ratio
271,0.01000,1,FI,-0.00000,-0.00000,0.05394,---
271,0.01000,2,FI,-0.00000,-0.00000,0.13818,---
271,0.01000,3,FI,-0.00000,-0.00000,0.03823,---
271,0.01000,4,FI,-0.00000,-0.00000,0.00806,---
271,0.01000,5,FI,-0.00000,-0.00000,0.06276,---
271,0.01000,6,FI,-0.00000,-0.00000,0.09660,---
271,0.01000,7,FI,-0.00000,-0.00000,0.08822,---
271,0.01000,8,FI,-0.00000,-0.00000,0.08829,---
271,0.01000,9,FI,-0.00000,-0.00000,0.01446,---
271,0.01000,10,FI,-0.00000,-0.00000,0.04488,---
271,0.05000,1,FI,-0.00000,0.01049,0.20045,19.10867
271,0.05000,2,FI,0.24580,0.00918,0.50678,1.98753
271,0.05000,3,FI,-0.00000,0.01067,0.12270,11.49953
271,0.05000,4,FI,-0.00000,0.01038,0.06668,6.42389
271,0.05000,5,FI,-0.00000,0.00890,0.19276,21.65843
271,0.05000,6,FI,0.49084,0.00577,0.66681,1.34272
271,0.05000,7,FI,-0.00000,0.00327,0.27359,83.66667
271,0.05000,8,FI,-0.00000,0.01082,0.15740,14.54713
271,0.05000,9,FI,-0.00000,0.01560,0.08983,5.75833
271,0.05000,10,FI,-0.00000,0.00851,0.10989,12.91304
271,0.10000,1,FI,0.81578,0.01895,1.16062,1.39041
271,0.10000,2,FI,1.83780,0.01365,2.31431,1.25000
271,0.10000,3,FI,0.00456,0.01387,0.36011,19.53934
271,0.10000,4,FI,0.00074,0.00916,0.20133,20.33636
271,0.10000,5,FI,1.39534,0.01138,1.74126,1.23782
271,0.10000,6,FI,3.17801,0.02168,3.46893,1.08415
271,0.10000,7,FI,2.75601,0.01633,3.12880,1.12858
271,0.10000,8,FI,-0.00000,0.01776,0.24374,13.72410
271,0.10000,9,FI,0.18111,0.02364,0.21491,1.04962
271,0.10000,10,FI,0.06469,0.01456,0.25007,3.15546
301,0.01000,1,FI,-0.00000,-0.00000,0.13798,---
301,0.01000,2,FI,-0.00000,0.00188,0.06325,33.64362
301,0.01000,3,FI,-0.00000,-0.00000,0.12119,---
301,0.01000,4,FI,-0.00000,-0.00000,0.09339,---
301,0.01000,5,FI,-0.00000,-0.00000,0.09085,---
301,0.01000,6,FI,-0.00000,-0.00000,0.06023,---
301,0.01000,7,FI,-0.00000,-0.00000,0.09100,---
301,0.01000,8,FI,-0.00000,-0.00000,0.15416,---
301,0.01000,9,FI,-0.00000,-0.00000,0.06190,---
301,0.01000,10,FI,-0.00000,-0.00000,0.09896,---
301,0.05000,1,FI,-0.00000,0.02403,0.27737,11.54266
301,0.05000,2,FI,-0.00000,0.02829,0.18559,6.56027
301,0.05000,3,FI,-0.00000,0.02741,0.22550,8.22692
301,0.05000,4,FI,-0.00000,0.01350,0.21646,16.03407
301,0.05000,5,FI,-0.00000,0.02519,0.23670,9.39659
301,0.05000,6,FI,-0.00000,0.02542,0.18926,7.44532
301,0.05000,7,FI,-0.00000,0.02675,0.25980,9.71215
301,0.05000,8,FI,0.39166,0.02802,0.70971,1.69107
301,0.05000,9,FI,-0.00000,0.01675,0.16332,9.75045
301,0.05000,10,FI,1.03074,0.01103,1.14359,1.09774
301,0.10000,1,FI,2.05456,0.03846,2.22882,1.06488
301,0.10000,2,FI,4.87555,0.02383,4.94940,1.01021
301,0.10000,3,FI,4.53818,0.03194,4.74315,1.03786
301,0.10000,4,FI,2.15274,0.02005,2.33553,1.07490
301,0.10000,5,FI,3.53541,0.02741,3.81645,1.07119
301,0.10000,6,FI,0.17813,0.02067,0.38537,1.93848
301,0.10000,7,FI,3.78996,0.02749,4.20403,1.10127
301,0.10000,8,FI,4.63191,0.02217,4.96647,1.06712
301,0.10000,9,FI,0.00425,0.02934,0.33265,9.90325
301,0.10000,10,FI,3.09422,0.02435,3.29888,1.05782
332,0.01000,1,FI,-0.00000,-0.00000,0.07606,---
332,0.01000,2,FI,-0.00000,-0.00000,0.07654,---
332,0.01000,3,FI,-0.00000,-0.00000,0.07744,---
332,0.01000,4,FI,-0.00000,-0.00000,0.03884,---
332,0.01000,5,FI,-0.00000,-0.00000,0.05407,---
332,0.01000,6,FI,-0.00000,-0.00000,0.02816,---
332,0.01000,7,FI,-0.00000,-0.00000,0.03619,---
332,0.01000,8,FI,-0.00000,-0.00000,0.03591,---
332,0.01000,9,FI,-0.00000,-0.00000,0.06611,---
332,0.01000,10,FI,-0.00000,-0.00000,0.03952,---
332,0.05000,1,FI,-0.00000,0.00855,0.16255,19.01170
332,0.05000,2,FI,-0.00000,0.01331,0.15575,11.70173
332,0.05000,3,FI,-0.00000,0.01425,0.17726,12.43930
332,0.05000,4,FI,-0.00000,0.01118,0.10064,9.00179
332,0.05000,5,FI,-0.00000,0.01179,0.16001,13.57167
332,0.05000,6,FI,-0.00000,0.00572,0.12183,21.29895
332,0.05000,7,FI,-0.00000,0.00944,0.08763,9.28284
332,0.05000,8,FI,-0.00000,0.01145,0.11183,9.76681
332,0.05000,9,FI,-0.00000,0.01242,0.19742,15.89533
332,0.05000,10,FI,-0.00000,0.01305,0.13516,10.35709
332,0.10000,1,FI,2.05896,0.02156,2.09930,1.00903
332,0.10000,2,FI,0.14808,0.01946,0.28962,1.72866
332,0.10000,3,FI,0.29200,0.02100,0.38144,1.21866
332,0.10000,4,FI,1.03680,0.01735,1.10118,1.04461
332,0.10000,5,FI,2.24739,0.01871,2.34506,1.03484
332,0.10000,6,FI,1.34703,0.01485,1.43256,1.05190
332,0.10000,7,FI,-0.00000,0.01779,0.18267,10.26813
332,0.10000,8,FI,4.17296,0.01455,4.25908,1.01709
332,0.10000,9,FI,1.26665,0.01864,1.63410,1.27139
332,0.10000,10,FI,2.43763,0.01871,2.65738,1.08185
362,0.01000,1,FI,-0.00000,-0.00000,0.03428,---
362,0.01000,2,FI,1.51603,-0.00000,1.55972,1.02882
362,0.01000,3,FI,-0.00000,-0.00000,-0.00000,---
362,0.01000,4,FI,-0.00000,-0.00000,0.13453,---
362,0.01000,5,FI,-0.00000,-0.00000,-0.00000,---
362,0.01000,6,FI,-0.00000,-0.00000,0.00710,---
362,0.01000,7,FI,-0.00000,-0.00000,0.07650,---
362,0.01000,8,FI,-0.00000,-0.00000,0.03133,---
362,0.01000,9,FI,-0.00000,-0.00000,0.03028,---
362,0.01000,10,FI,0.06324,-0.00000,0.07959,1.25854
362,0.05000,1,FI,10.05004,0.00477,10.12428,1.00691
362,0.05000,2,FI,11.57351,0.00883,11.72257,1.01211
362,0.05000,3,FI,0.50737,0.00968,0.50737,0.98128
362,0.05000,4,FI,5.48863,0.00831,5.58470,1.01597
362,0.05000,5,FI,1.68713,0.01107,1.77648,1.04610
362,0.05000,6,FI,3.89187,0.01100,3.89187,0.99718
362,0.05000,7,FI,2.11453,0.00588,2.23381,1.05348
362,0.05000,8,FI,0.54093,0.00851,0.57226,1.04153
362,0.05000,9,FI,4.80262,0.01261,4.84505,1.00619
362,0.05000,10,FI,5.08844,0.00414,5.15551,1.01236
362,0.10000,1,FI,16.83452,0.01248,16.90876,1.00367
362,0.10000,2,FI,39.83028,0.00980,39.95130,1.00279
362,0.10000,3,FI,8.25434,0.02151,8.40915,1.01611
362,0.10000,4,FI,18.23776,0.00949,18.42026,1.00948
362,0.10000,5,FI,28.63380,0.01107,28.71515,1.00245
362,0.10000,6,FI,16.78968,0.01946,16.85892,1.00296
362,0.10000,7,FI,17.90298,0.01001,17.94714,1.00191
362,0.10000,8,FI,10.49144,0.00975,10.52277,1.00206
362,0.10000,9,FI,17.24416,0.01261,17.28627,1.00171
362,0.10000,10,FI,15.37791,0.01157,15.48230,1.00603
