hour,scenario_0,scenario_1,scenario_2,scenario_3,scenario_4,scenario_5,scenario_6,scenario_7,scenario_8,scenario_9,scenario_10,scenario_11,scenario_12,scenario_13,scenario_14,scenario_15,scenario_16,scenario_17,scenario_18,scenario_19,scenario_20,scenario_21,scenario_22,scenario_23,scenario_24,scenario_25,scenario_26,scenario_27,scenario_28,scenario_29,scenario_30,scenario_31,scenario_32,scenario_33,scenario_34,scenario_35,scenario_36,scenario_37,scenario_38,scenario_39,scenario_40,scenario_41,scenario_42,scenario_43,scenario_44,scenario_45,scenario_46,scenario_47,scenario_48,scenario_49,scenario_50,scenario_51,scenario_52,scenario_53,scenario_54,scenario_55,scenario_56,scenario_57,scenario_58,scenario_59,scenario_60,scenario_61,scenario_62,scenario_63,scenario_64,scenario_65,scenario_66,scenario_67,scenario_68,scenario_69,scenario_70,scenario_71,scenario_72,scenario_73,scenario_74,scenario_75,scenario_76,scenario_77,scenario_78,scenario_79,scenario_80,scenario_81,scenario_82,scenario_83,scenario_84,scenario_85,scenario_86,scenario_87,scenario_88,scenario_89,scenario_90,scenario_91,scenario_92,scenario_93,scenario_94,scenario_95,scenario_96,scenario_97,scenario_98,scenario_99
0,0.0,0.0,0.0,0.0,0.0,0.0,0.0,0.0,0.0,0.0,0.0,0.0,0.0,0.0,0.0,0.0,0.0,0.0,0.0,0.0,0.0,0.0,0.0,0.0,0.0,0.0,0.0,0.0,0.0,0.0,0.0,0.0,0.0,0.0,0.0,0.0,0.0,0.0,0.0,0.0,0.0,0.0,0.0,0.0,0.0,0.0,0.0,0.0,0.0,0.0,0.0,0.0,0.0,0.0,0.0,0.0,0.0,0.0,0.0,0.0,0.0,0.0,0.0,0.0,0.0,0.0,0.0,0.0,0.0,0.0,0.0,0.0,0.0,0.0,0.0,0.0,0.0,0.0,0.0,0.0,0.0,0.0,0.0,0.0,0.0,0.0,0.0,0.0,0.0,0.0,0.0,0.0,0.0,0.0,0.0,0.0,0.0,0.0,0.0,0.0
1,0.0,0.0,0.0,0.0,0.0,0.0,0.0,0.0,0.0,0.0,0.0,0.0,0.0,0.0,0.0,0.0,0.0,0.0,0.0,0.0,0.0,0.0,0.0,0.0,0.0,0.0,0.0,0.0,0.0,0.0,0.0,0.0,0.0,0.0,0.0,0.0,0.0,0.0,0.0,0.0,0.0,0.0,0.0,0.0,0.0,0.0,0.0,0.0,0.0,0.0,0.0,0.0,0.0,0.0,0.0,0.0,0.0,0.0,0.0,0.0,0.0,0.0,0.0,0.0,0.0,0.0,0.0,0.0,0.0,0.0,0.0,0.0,0.0,0.0,0.0,0.0,0.0,0.0,0.0,0.0,0.0,0.0,0.0,0.0,0.0,0.0,0.0,0.0,0.0,0.0,0.0,0.0,0.0,0.0,0.0,0.0,0.0,0.0,0.0,0.0
2,0.0,0.0,0.0,0.0,0.0,0.0,0.0,0.0,0.0,0.0,0.0,0.0,0.0,0.0,0.0,0.0,0.0,0.0,0.0,0.0,0.0,0.0,0.0,0.0,0.0,0.0,0.0,0.0,0.0,0.0,0.0,0.0,0.0,0.0,0.0,0.0,0.0,0.0,0.0,0.0,0.0,0.0,0.0,0.0,0.0,0.0,0.0,0.0,0.0,0.0,0.0,0.0,0.0,0.0,0.0,0.0,0.0,0.0,0.0,0.0,0.0,0.0,0.0,0.0,0.0,0.0,0.0,0.0,0.0,0.0,0.0,0.0,0.0,0.0,0.0,0.0,0.0,0.0,0.0,0.0,0.0,0.0,0.0,0.0,0.0,0.0,0.0,0.0,0.0,0.0,0.0,0.0,0.0,0.0,0.0,0.0,0.0,0.0,0.0,0.0
3,0.0,0.0,0.0,0.0,0.0,0.0,0.0,0.0,0.0,0.0,0.0,0.0,0.0,0.0,0.0,0.0,0.0,0.0,0.0,0.0,0.0,0.0,0.0,0.0,0.0,0.0,0.0,0.0,0.0,0.0,0.0,0.0,0.0,0.0,0.0,0.0,0.0,0.0,0.0,0.0,0.0,0.0,0.0,0.0,0.0,0.0,0.0,0.0,0.0,0.0,0.0,0.0,0.0,0.0,0.0,0.0,0.0,0.0,0.0,0.0,0.0,0.0,0.0,0.0,0.0,0.0,0.0,0.0,0.0,0.0,0.0,0.0,0.0,0.0,0.0,0.0,0.0,0.0,0.0,0.0,0.0,0.0,0.0,0.0,0.0,0.0,0.0,0.0,0.0,0.0,0.0,0.0,0.0,0.0,0.0,0.0,0.0,0.0,0.0,0.0
4,0.0,0.0,0.0,0.0,0.0,0.0,0.0,0.0,0.0,0.0,0.0,0.0,0.0,0.0,0.0,0.0,0.0,0.0,0.0,0.0,0.0,0.0,0.0,0.0,0.0,0.0,0.0,0.0,0.0,0.0,0.0,0.0,0.0,0.0,0.0,0.0,0.0,0.0,0.0,0.0,0.0,0.0,0.0,0.0,0.0,0.0,0.0,0.0,0.0,0.0,0.0,0.0,0.0,0.0,0.0,0.0,0.0,0.0,0.0,0.0,0.0,0.0,0.0,0.0,0.0,0.0,0.0,0.0,0.0,0.0,0.0,0.0,0.0,0.0,0.0,0.0,0.0,0.0,0.0,0.0,0.0,0.0,0.0,0.0,0.0,0.0,0.0,0.0,0.0,0.0,0.0,0.0,0.0,0.0,0.0,0.0,0.0,0.0,0.0,0.0
5,0.0,0.0,0.0,0.0,0.0,0.0,0.0,0.0,0.0,0.0,0.0,0.0,0.0,0.0,0.0,0.0,0.0,0.0,0.0,0.0,0.0,0.0,0.0,0.0,0.0,0.0,0.0,0.0,0.0,0.0,0.0,0.0,0.0,0.0,0.0,0.0,0.0,0.0,0.0,0.0,0.0,0.0,0.0,0.0,0.0,0.0,0.0,0.0,0.0,0.0,0.0,0.0,0.0,0.0,0.0,0.0,0.0,0.0,0.0,0.0,0.0,0.0,0.0,0.0,0.0,0.0,0.0,0.0,0.0,0.0,0.0,0.0,0.0,0.0,0.0,0.0,0.0,0.0,0.0,0.0,0.0,0.0,0.0,0.0,0.0,0.0,0.0,0.0,0.0,0.0,0.0,0.0,0.0,0.0,0.0,0.0,0.0,0.0,0.0,0.0
6,1829.5897789346784,2339.097922320535,1551.5936166982085,767.8319518148951,1383.35796931091,2944.3838884829215,3204.2770776326975,3283.73225095796,881.0409845646307,3144.3177127987537,2904.649441455882,3534.0083670814092,1491.0401252155311,2329.888051146404,2402.263721934681,365.9553147306933,2674.735611504903,2099.667897802658,3038.9415784807866,3235.241890125836,2857.6876127861383,1184.072830578605,3231.7615130134322,2962.145110565015,2030.9553771522787,3181.8094628427425,2005.8256126753745,2946.2972021183477,1735.1888489168118,1421.6303929262433,1281.4139234956224,6467.460255970783,4328.285071046535,2645.9294266362963,3137.9495911108097,836.4427147242484,1303.775631083951,1745.3927464351868,2206.4734903085805,3049.9255767859413,3377.4067777411324,1894.5587696103396,3073.458178294358,3613.093235531676,754.383359739928,2008.6803904047295,2634.2391988154523,0.0,3828.291824321558,1087.91951973162,1850.5078347772674,1335.5141933379766,3485.805218798263,1761.747931561787,1462.1822694648881,2303.5103535553,39.166115440862086,4234.423077193569,2768.7348975219224,3300.959931486671,1322.156668047105,4441.146656442475,945.7788590875614,2232.6446022516725,3832.0957176480833,2056.1474260032187,4141.454409957387,1083.7023917320914,4308.13629847132,3771.4137599755923,4030.3879871643076,2465.629231394002,3574.011751423021,1377.2903780844001,0.0,1756.9206411322075,1826.8108725363802,3604.719428521224,2247.3861362098005,3457.1483194313773,0.0,2791.0662228493,2152.944877864671,3226.4247507903183,3161.1939226749096,3465.836170881197,4225.7588364719095,2600.6136913260257,3321.1204773192694,2415.4079199150183,1349.6465893451482,1253.1975834114198,3333.99803699959,1852.2897728498479,1962.2486388753368,1527.8473210685531,4111.483312150988,302.3278279099886,3497.412082490043,1711.0462989924333
7,8420.498693844098,10438.172944376745,7909.457085663054,7478.584967318052,5524.086270419983,11966.646678426107,10728.611016844181,10566.423880449063,11077.356203793202,7676.894239742183,7319.390772880668,8143.806354915745,11506.351345881849,8456.356410763105,9575.104051446828,12495.09622225099,6818.6035772439045,9110.573447148845,3323.9149371788762,9615.985170911534,7114.091806979178,12215.42067045561,8987.366005283933,12139.182354767569,9097.149638132996,11327.746001543217,5600.133356848144,10565.965013307612,12099.049933243825,13700.914568051461,8220.632732237456,8592.231737261109,8945.116726377148,5773.0786946559065,7063.630660661969,11458.64418682008,8432.73034820907,7184.527917695563,7790.5915617820065,9229.206273894586,4807.62170767901,8678.096084744644,5570.3062201058365,4804.839701647903,8890.605855346694,11740.265667402979,9682.585323700032,10134.138552519415,12854.309600120561,10428.419801904003,13681.268091309628,9871.86109721548,6682.451617395608,4684.097685951669,6571.102178712231,6767.306645241167,11581.048787884343,4573.768150330727,7989.429777755846,9195.428123796366,8939.702690825094,6512.627488932444,8216.46744852706,6417.528584217616,10036.270530585429,8968.299761225788,11958.704653546532,13864.880932797041,8439.77764084034,6611.687968695872,13144.746825458424,9622.109398216055,7573.881254714916,4896.76601599994,6976.030439412571,9392.932930287934,6137.29409986454,15405.934775825483,9801.5499090089,12628.956777770421,5840.553608487886,17975.05246304624,9190.24790294384,9992.712612923768,6249.245199549401,10482.936952851105,12178.936835176075,9393.531692397568,8053.455561850706,5750.061148992498,3283.7958597165552,7145.752307840224,9651.738475910615,10325.99455692861,7732.493589673762,9726.215909187493,6506.990151919779,11116.750241616217,10555.55409817768,11744.490221031909
8,8724.971502198445,16384.763661471978,12328.207074382559,17778.26883860313,14445.489567210954,20386.7632648766,18013.60630469909,10583.021789051876,19984.61344757423,13340.287282698759,18877.567049055568,17251.22431865212,12509.323360306294,15121.246840949438,16244.871562541517,14363.383949222081,14247.850016969262,18070.776072107532,14871.949516550476,18960.397393596195,17450.44300735845,18087.288180183717,15232.55888403622,21581.202424158346,17789.06183170318,17989.85706867301,17216.985924893706,16494.993570966868,17661.484004294736,18350.186734142382,24069.700659547914,11074.82280395074,14399.47257966241,11427.476736709817,19747.939929336804,9405.298472408569,14484.981038242622,13555.414671036235,13667.112823662444,19112.420453042392,14235.508686911988,15916.84880832833,19533.07516227445,19478.39505583283,24136.41614812182,11591.645449865198,12348.81786280856,8879.564845098615,15347.389189380672,18648.905074366805,9378.598867311555,15021.725364302649,9815.467094673111,13620.843676736153,16045.929785969809,10570.111872179867,12023.327979337188,6984.78842250461,15744.077225288042,17998.154405558085,12406.218613253088,8502.27467928869,14746.958376577706,14270.809171206465,12669.412573242436,15707.043735647881,12751.162925490387,13840.485113411396,9863.695911361134,12927.212758313446,14757.31623973743,17271.891983775244,22373.62284673164,13384.74308063777,17558.451094515964,13307.444150858808,14364.123920944021,15430.573924242404,23880.4917092146,14759.452546019218,16250.536225023823,18060.47629328774,19441.665592776335,19521.1550107019,17668.54379272076,19113.191798933858,21258.126173485878,11128.960458821091,20447.20981536319,13220.7936373435,5780.344045295396,11368.139804076916,7357.810509219618,18603.550812259167,14365.808362384945,14206.874243215381,17377.03897687336,19725.455067782925,15726.150205899894,12804.090664999549
9,21092.38788278836,27351.001134246075,18803.912773383625,20128.279787132225,20486.40593186112,21281.333366803465,22222.069398325053,19313.004498390277,7059.798192915725,13903.43143725087,15539.629329399304,20467.634848851176,18921.44046005149,16185.687422273564,19882.883288911587,20481.779217561398,15036.682425040224,23929.940522811958,25292.98009399519,10677.222290899357,28794.47588484358,17130.36902835133,16131.888427713866,10432.262067187301,16407.560488610165,13708.906525833883,14171.67800044607,23325.309939500738,12393.331079404707,15598.741574649008,20604.427482054074,13329.654983638784,20208.485281872436,17874.300844571102,20233.26029707406,16867.681062426982,8334.328920132237,15637.181939989343,10106.3150571708,20723.532056447413,21483.68021731273,17403.930543031736,12715.545338093214,13663.717968268858,21708.092207698646,30019.355425084264,21513.294980241557,10606.42360322616,22265.91165681356,16152.189414851731,18907.11936163396,16522.705320614506,14988.476284754859,13377.699820131831,17497.57915841991,20294.517514083745,15977.553715696264,16255.609669818372,10934.847833271091,24068.629482041208,6732.613323517398,19261.602690826552,17751.571291280838,15350.422874644344,15423.06711940252,13157.327075964797,16056.479708072473,14484.605313522323,17098.546094848378,22595.750539998146,10305.066804697504,14011.17395863662,22023.57897922051,16048.226072836615,22335.709568678845,15168.876321506636,21390.36920081007,24780.60459085329,18073.529215124756,26118.264378750544,14605.104211410982,18945.516553419027,14379.845790442165,18110.550515155483,14975.991112331178,16892.804344018663,19100.162644231154,26393.09417781086,15807.695913680782,14223.017496228975,25467.960850057432,20566.46502807174,27466.824603753477,9464.29187593987,16052.440132314678,12667.540909338819,16977.700934900353,19466.556558129116,15575.084423235467,13666.780716021934
10,14162.944193236555,26489.8213842943,8771.66383046881,21134.394176925984,7881.008585958828,18835.915084098655,14672.083018778041,12547.541148495322,13392.829953260249,10833.466115976105,23843.163109735084,7222.436895787405,15148.536773936235,19335.984118198136,3280.8612870914203,8920.490544910288,13326.34633938897,177.92281399463354,17992.939972507596,11690.466658231337,15593.173225744977,21044.797105812915,4015.823349355218,15724.902670722877,10238.2153213218,29925.65533896245,11782.770623381743,5203.325204375231,11558.934226697433,11426.141415927905,16461.39488105961,7600.815629779833,269.84265337090255,20222.76686492497,5161.478124759458,1571.5683096361608,18530.125937174093,11596.581277175128,15868.660252403944,16273.757723789864,19617.61033413155,22183.422947493702,6874.331710017918,25206.038156962957,18619.169860653954,9719.914991290172,9919.733872989356,22520.831352019482,14243.134287126972,14651.40583394313,8185.983374462425,6691.792286196744,19556.39026879051,1748.542626653776,41515.67468313646,19980.629290571545,19623.460222102676,19522.20913976382,6180.77991188564,9659.165025837458,19004.396318000978,11941.830854006901,19214.273653651504,12868.489370586269,17525.91736861668,7601.934888749989,11663.46632753372,17540.84044949742,13691.888657970554,24784.127531142763,17733.038544009898,12488.480696501389,12552.53836818998,15065.216896667798,16187.477497269783,9327.75063349048,25369.891162857566,14695.900760606799,16989.625839288026,17386.265214364306,29317.680286643652,5045.953288382521,11436.174366337576,4508.488580864112,31391.14092229646,18359.560059907602,16631.868350000244,7502.382400772671,26942.87604946676,22002.23139210199,14866.48674886775,21723.1375235106,22646.90491147217,9947.088842988613,8403.571867497547,17892.93632243084,14042.68794383384,5061.7273621409,4210.580867802339,18368.99394992496
11,19537.664457245453,18732.282914730284,11410.641938803432,15565.171113895023,16276.456994440407,18214.961532745372,12615.163721287605,6948.639925617289,13926.74979216379,13359.895099509491,15049.937502804572,7067.069379060593,16727.71296581275,11521.43106832663,19042.725865415625,19896.571698527692,24706.475322995797,12239.03835028716,11487.076524125692,18978.34700091775,21416.166929047096,9883.789601818029,20026.67425540409,14574.27982649441,2081.0782244225848,16805.308594388276,10205.922903781715,23475.84821773972,18034.507443319846,23788.37796087766,25961.695586008755,8412.64863317013,25868.784001069253,20568.552487365796,10576.238691774648,11837.79663182249,0.0,10108.030189708375,15058.954134016969,7830.42536747078,9577.685698614561,10384.975942770907,6481.678037323314,10154.865403140624,15063.93113923212,16307.691498455557,1199.2629330478612,6914.370628161073,14603.341532374268,12879.864373569191,7356.109390304533,5248.321470449384,13087.188305015161,7582.065775139213,18281.206846661265,21764.831852761887,13655.854349501038,19822.832517114177,11608.479142505803,8842.588935086163,17349.59862048085,8040.873876529038,16209.288555044343,14005.751183060744,3060.2664865041006,11556.280463752153,15059.968389213203,16081.32026227818,11681.40439786765,25546.305970634974,31592.770329711006,13336.048521286333,5871.689346630979,10423.378249244995,5607.601626587337,5221.5500567004165,17211.036542949383,21232.34901562434,17552.24197746069,8766.910501256032,15723.843360960604,14544.927082011474,11817.519095825908,2299.3214147635445,10939.8516068903,3985.726754028032,25217.450921704927,16447.706774027974,6667.225904159744,11627.683136685004,12729.557974639343,10204.687961365886,10635.96850002848,15486.641718280393,8160.362878091269,12081.179172545348,19822.707171559785,19269.351592892464,20624.142391595167,7257.693680969569
12,26512.234966195443,12411.842783110853,19705.01615630194,19059.12422955175,13576.09942192734,2992.266131102071,10838.968887541836,14798.920546051335,10811.798043092562,21289.308272875656,4873.393323777356,13235.981691321367,9779.536793506553,20564.034191925126,4675.645231878141,19447.02091890304,7411.217343696143,17363.35572185771,19257.55504833445,17931.714968668624,11745.4681040441,12500.131571867461,1991.8235933920514,9151.501234778423,16361.93541152864,0.0,6677.916122123059,15033.105473868012,19257.13650042737,19740.36152853722,11684.25691628921,5084.406040358028,10556.624070158283,15734.220623612615,15896.371751165145,6263.411384153677,6955.687402226604,11092.468745031823,20543.51309681149,3848.771813609532,367.35841171279935,24531.76769208988,15488.779852280079,23078.8014541066,20790.81556137331,26039.037831474565,15608.795160662998,13876.945277225113,7953.2508443921415,8689.219186315713,21713.543774791415,12677.428579882771,0.0,19146.106253309845,26158.64726687178,20470.294996453995,7205.116168220091,1811.606005336258,0.0,8038.2083909588255,14927.356887932237,6391.553560455196,24500.381258522757,12405.436002828577,17327.46025087597,10421.767547033432,7910.962508195883,19260.620196531883,8575.047785452869,22024.232851788584,25024.61944371363,23239.21164222263,14728.632023754068,6455.602204650577,14003.87984120424,17600.810811044787,19510.56487059046,22306.67114095977,4246.146084561191,19917.48785004496,21690.976562158277,9179.590317026883,16701.95806255461,23108.435131048802,15837.738913110958,6038.961739604402,3574.1212677018702,18887.29020081471,7519.95440142619,7875.405924301058,15889.891512716576,8524.36953594248,22438.022253538118,16634.15056345252,25471.19574505993,773.6291473477395,18107.272683443876,25654.51519747561,12543.296314427056,11877.776266179168
13,0.0,19849.21032959311,12719.578296332687,13928.49247556681,7499.8624477813555,12570.47360212813,5702.74404487724,13958.220563192412,29907.908219306657,0.0,23028.713653364437,2931.397144631057,17390.494402611104,10221.410008011322,21735.884508505434,14279.046942383044,12784.84754361705,16558.930164459252,5504.455949491157,1931.3855182244606,8275.268504420721,20516.17358332705,13569.93478402883,9023.389592980617,12095.731114796183,17267.12422223999,15280.398995975615,4374.091806599483,7346.845855118203,12142.891787772876,19134.83751646335,12712.701520727662,15491.19874230908,15782.410693975267,12044.524707348493,14260.832414920029,19461.528014298576,11396.944896057546,17486.013186642464,3674.2561614850656,22472.73109927973,10134.7023242756,19534.328684995264,6587.638226983807,18537.720794147117,12311.38362725538,639.4895813720996,5644.795758662616,11661.103852496874,21698.02493254485,12867.27135247552,1462.9377561557085,8352.345909722075,9051.640770718266,23929.42645218855,12484.230234480843,18712.311248186652,10923.975487248475,17210.982943863633,11527.158662580054,27746.65497727256,17002.840882814213,9432.351209361834,5844.55439543416,4230.252415743465,11167.577445078483,15389.515905347902,18854.26387145591,2134.6046428279333,7756.76345285958,13663.03037778604,8354.525854418736,16066.314742703065,8383.118729566038,20354.876233071176,7460.981249321167,9511.854040201975,9642.261836752692,23867.91188074422,10537.391823686008,16389.27163259885,8852.922771709724,10035.596620228842,912.5972491757475,14758.75003592115,25369.933103427604,9053.709944916434,5158.406665892146,16688.222205214362,25457.351221570963,21897.04282076314,20534.523218505798,11024.424227563633,15714.141350195783,37.97979946927444,4707.483752940941,6355.271886431688,13498.249704077441,463.56390603855834,11041.475663088671
14,4734.53149164901,9083.257922515597,5971.145542050714,15428.556653323907,10009.224827026132,11456.895984172288,16712.39234984092,9496.30630131675,3462.648318163461,12859.834345747004,16531.16085683593,2448.358311967916,11965.559338813875,11630.718426753527,9924.568160451285,1216.7477708300885,13479.520772528871,5718.667522997667,9200.917140332996,18962.061204939353,0.0,10878.657837120762,13114.844054915846,5933.971680240595,6485.210111797505,19239.922130397288,0.0,16331.865972413038,14734.032882925585,3435.5089851164666,4220.338667282156,4727.443257397465,12345.494510758293,7226.126285721924,12357.595710158774,12948.965770751962,4683.874649620248,11297.351150721042,22583.57639899249,14415.02803675157,5162.5493764444145,4415.96407149241,8407.86265121772,17175.724056541098,1202.2452791999149,2791.0208375151633,4710.618236389902,11029.091434060596,14127.13713148455,5649.209599044008,0.0,13504.473892393451,14241.744468362223,11974.420609674358,10421.88343398458,17255.64373189044,15375.007628526473,5466.453762065456,9241.68211219914,17907.733203988053,2949.877585992699,18052.955923234258,4761.724728619176,19441.853371316105,6079.122051251713,4164.114632895292,14640.928471548228,5413.939533509026,20621.541222381908,18123.45785202823,15400.544635132512,0.0,13708.770307869323,9136.26682205884,4835.882322310248,13623.8431956212,12133.066366889361,18234.109300383283,4798.259487787182,8641.421975126932,9142.8792803668,5088.890181999959,9028.381309822502,9696.965036820427,15421.078710482692,10104.372963077267,7755.610616142051,11648.583717434007,5827.449510667058,15264.585238547757,17995.432177856954,5160.7481454363515,10225.82313730853,12567.13744019136,3829.723858358794,7814.302576367617,10415.729551242777,6464.318443089416,8782.239342307774,15465.367398343311
15,0.0,20339.0932998852,174.42317429548075,3730.3494135769547,7130.844526034298,8050.466072360461,7393.655078340421,8141.313016921931,0.0,14942.770637159581,5073.41211152544,8028.236773229672,11546.980890305053,1624.6931606391727,7993.421711881813,7678.742629719594,19217.262872205167,3782.773865730577,2994.296867454401,11293.224552036885,11353.044796880964,4663.811595267331,6992.210787878643,8893.791283045724,2570.3350377853994,6414.573341396347,190.15481496357643,13539.792973988675,8408.767303691335,4940.217498410498,9035.092888216968,7756.410637051972,11371.048588305319,4631.7083681067525,11791.346461601297,9377.207813443412,9473.455339817268,8672.271057217375,7518.198173575963,5778.724256335375,10983.481888260405,3368.6866305528365,6033.145701140681,10152.686617295516,3625.7804081200893,4175.462831545365,7203.944142035011,8420.504286624162,10055.051573708493,12124.741577872977,10525.564882296574,2332.2738281113725,10714.52564291931,0.0,727.9190017539122,4974.003537150276,293.1159027811955,11850.021427401014,18310.344588910517,7311.864429089435,7629.814619935467,8176.666743954887,9638.189425072584,5902.590392204276,6658.166382999473,4883.266620827686,0.0,16744.670329414585,3519.0919273806426,3734.4031040105574,9113.683418819042,2166.919714419995,18613.692928135315,10583.367202727126,12508.22298708283,12379.02461929919,11316.143537541066,581.8181264470568,5229.530728212139,3647.772820181874,10077.193833161391,16462.622855650923,1399.33409846398,8594.832649109267,16614.80156960272,0.0,4380.952576042289,18104.118217501375,11943.149397719311,0.0,6056.300263353806,4955.279984023099,7395.494050503253,3616.0234303195602,6203.857422750346,6539.605138286937,715.1179148657993,7641.886361207831,3702.8582822558183,8932.380162975005
16,3324.1460763149344,4847.370527142477,0.0,4848.835667990268,0.0,1823.2190700117599,2738.843071364593,1708.7249631224845,812.2558368845107,5133.816938156525,175.95913827475215,1987.316214975953,2152.5663715784885,2235.07275950729,2093.2119580676376,3536.481586022756,174.33651447520242,4128.495573569696,2139.5437189813165,2717.411987649475,0.0,0.0,1105.3653332858032,1645.519773398913,3455.817521557446,1463.9175743741384,0.0,1900.0943963062666,1826.2315753564885,900.4810050895728,119.61624091652538,1148.67474671615,2347.9815553175067,2901.26603733171,3969.8055983425857,2300.8936373035135,2114.108500330409,3075.366933636593,1573.2665653004765,3269.869648101401,3772.96367019215,2018.1293349038228,2043.5433047596362,1809.6517581247247,4052.1809496709957,1198.4577682480426,3376.5767393980304,3156.2506865145815,2944.3881092491597,6024.085118537516,2423.7586240806086,453.8961625161214,3227.634351310092,1906.6591806678166,3391.692862666353,2756.9207545378586,1681.9794409845542,1485.0758574347908,3962.2058806071846,591.1863419318986,348.52859076336017,999.7985049692643,1676.1791928967384,2882.397417960261,2424.202826899761,1557.897295581153,2225.8537537127954,843.7341664963087,2742.7370457413444,3630.471720794207,4973.2526265424685,1325.836438473245,2570.8422139922845,1630.6984774726643,470.8745816736323,2391.8923136609005,1743.2818574006762,2736.5041182966006,3620.9041838470457,461.48884764445756,3334.4964155405655,6927.215741364678,0.0,2110.154618750267,2821.431195051957,723.287181679842,0.0,6317.169722028364,1693.9737302151939,5332.384699012535,2073.6973497009785,2491.7511566860767,0.0,1395.2767391996535,3991.6580767071428,1918.9249782435077,2674.0364693796537,2820.800185733736,1846.5464754126206,2123.111080069074
17,0.0,0.0,0.0,0.0,0.0,0.0,0.0,0.0,0.0,0.0,0.0,0.0,0.0,0.0,0.0,0.0,0.0,0.0,0.0,0.0,0.0,0.0,0.0,0.0,0.0,0.0,0.0,0.0,0.0,0.0,0.0,0.0,0.0,0.0,0.0,0.0,0.0,0.0,0.0,0.0,0.0,0.0,0.0,0.0,0.0,0.0,0.0,0.0,0.0,0.0,0.0,0.0,0.0,0.0,0.0,0.0,0.0,0.0,0.0,0.0,0.0,0.0,0.0,0.0,0.0,0.0,0.0,0.0,0.0,0.0,0.0,0.0,0.0,0.0,0.0,0.0,0.0,0.0,0.0,0.0,0.0,0.0,0.0,0.0,0.0,0.0,0.0,0.0,0.0,0.0,0.0,0.0,0.0,0.0,0.0,0.0,0.0,0.0,0.0,0.0
18,0.0,0.0,0.0,0.0,0.0,0.0,0.0,0.0,0.0,0.0,0.0,0.0,0.0,0.0,0.0,0.0,0.0,0.0,0.0,0.0,0.0,0.0,0.0,0.0,0.0,0.0,0.0,0.0,0.0,0.0,0.0,0.0,0.0,0.0,0.0,0.0,0.0,0.0,0.0,0.0,0.0,0.0,0.0,0.0,0.0,0.0,0.0,0.0,0.0,0.0,0.0,0.0,0.0,0.0,0.0,0.0,0.0,0.0,0.0,0.0,0.0,0.0,0.0,0.0,0.0,0.0,0.0,0.0,0.0,0.0,0.0,0.0,0.0,0.0,0.0,0.0,0.0,0.0,0.0,0.0,0.0,0.0,0.0,0.0,0.0,0.0,0.0,0.0,0.0,0.0,0.0,0.0,0.0,0.0,0.0,0.0,0.0,0.0,0.0,0.0
19,0.0,0.0,0.0,0.0,0.0,0.0,0.0,0.0,0.0,0.0,0.0,0.0,0.0,0.0,0.0,0.0,0.0,0.0,0.0,0.0,0.0,0.0,0.0,0.0,0.0,0.0,0.0,0.0,0.0,0.0,0.0,0.0,0.0,0.0,0.0,0.0,0.0,0.0,0.0,0.0,0.0,0.0,0.0,0.0,0.0,0.0,0.0,0.0,0.0,0.0,0.0,0.0,0.0,0.0,0.0,0.0,0.0,0.0,0.0,0.0,0.0,0.0,0.0,0.0,0.0,0.0,0.0,0.0,0.0,0.0,0.0,0.0,0.0,0.0,0.0,0.0,0.0,0.0,0.0,0.0,0.0,0.0,0.0,0.0,0.0,0.0,0.0,0.0,0.0,0.0,0.0,0.0,0.0,0.0,0.0,0.0,0.0,0.0,0.0,0.0
20,0.0,0.0,0.0,0.0,0.0,0.0,0.0,0.0,0.0,0.0,0.0,0.0,0.0,0.0,0.0,0.0,0.0,0.0,0.0,0.0,0.0,0.0,0.0,0.0,0.0,0.0,0.0,0.0,0.0,0.0,0.0,0.0,0.0,0.0,0.0,0.0,0.0,0.0,0.0,0.0,0.0,0.0,0.0,0.0,0.0,0.0,0.0,0.0,0.0,0.0,0.0,0.0,0.0,0.0,0.0,0.0,0.0,0.0,0.0,0.0,0.0,0.0,0.0,0.0,0.0,0.0,0.0,0.0,0.0,0.0,0.0,0.0,0.0,0.0,0.0,0.0,0.0,0.0,0.0,0.0,0.0,0.0,0.0,0.0,0.0,0.0,0.0,0.0,0.0,0.0,0.0,0.0,0.0,0.0,0.0,0.0,0.0,0.0,0.0,0.0
21,0.0,0.0,0.0,0.0,0.0,0.0,0.0,0.0,0.0,0.0,0.0,0.0,0.0,0.0,0.0,0.0,0.0,0.0,0.0,0.0,0.0,0.0,0.0,0.0,0.0,0.0,0.0,0.0,0.0,0.0,0.0,0.0,0.0,0.0,0.0,0.0,0.0,0.0,0.0,0.0,0.0,0.0,0.0,0.0,0.0,0.0,0.0,0.0,0.0,0.0,0.0,0.0,0.0,0.0,0.0,0.0,0.0,0.0,0.0,0.0,0.0,0.0,0.0,0.0,0.0,0.0,0.0,0.0,0.0,0.0,0.0,0.0,0.0,0.0,0.0,0.0,0.0,0.0,0.0,0.0,0.0,0.0,0.0,0.0,0.0,0.0,0.0,0.0,0.0,0.0,0.0,0.0,0.0,0.0,0.0,0.0,0.0,0.0,0.0,0.0
22,0.0,0.0,0.0,0.0,0.0,0.0,0.0,0.0,0.0,0.0,0.0,0.0,0.0,0.0,0.0,0.0,0.0,0.0,0.0,0.0,0.0,0.0,0.0,0.0,0.0,0.0,0.0,0.0,0.0,0.0,0.0,0.0,0.0,0.0,0.0,0.0,0.0,0.0,0.0,0.0,0.0,0.0,0.0,0.0,0.0,0.0,0.0,0.0,0.0,0.0,0.0,0.0,0.0,0.0,0.0,0.0,0.0,0.0,0.0,0.0,0.0,0.0,0.0,0.0,0.0,0.0,0.0,0.0,0.0,0.0,0.0,0.0,0.0,0.0,0.0,0.0,0.0,0.0,0.0,0.0,0.0,0.0,0.0,0.0,0.0,0.0,0.0,0.0,0.0,0.0,0.0,0.0,0.0,0.0,0.0,0.0,0.0,0.0,0.0,0.0
23,0.0,0.0,0.0,0.0,0.0,0.0,0.0,0.0,0.0,0.0,0.0,0.0,0.0,0.0,0.0,0.0,0.0,0.0,0.0,0.0,0.0,0.0,0.0,0.0,0.0,0.0,0.0,0.0,0.0,0.0,0.0,0.0,0.0,0.0,0.0,0.0,0.0,0.0,0.0,0.0,0.0,0.0,0.0,0.0,0.0,0.0,0.0,0.0,0.0,0.0,0.0,0.0,0.0,0.0,0.0,0.0,0.0,0.0,0.0,0.0,0.0,0.0,0.0,0.0,0.0,0.0,0.0,0.0,0.0,0.0,0.0,0.0,0.0,0.0,0.0,0.0,0.0,0.0,0.0,0.0,0.0,0.0,0.0,0.0,0.0,0.0,0.0,0.0,0.0,0.0,0.0,0.0,0.0,0.0,0.0,0.0,0.0,0.0,0.0,0.0
