Forecast_Hour,scenario_1,scenario_2,scenario_3,scenario_4,scenario_5,scenario_6,scenario_7,scenario_8,scenario_9,scenario_10,scenario_11,scenario_12,scenario_13,scenario_14,scenario_15,scenario_16,scenario_17,scenario_18,scenario_19,scenario_20,scenario_21,scenario_22,scenario_23,scenario_24,scenario_25,scenario_26,scenario_27,scenario_28,scenario_29,scenario_30,scenario_31,scenario_32,scenario_33,scenario_34,scenario_35,scenario_36,scenario_37,scenario_38,scenario_39,scenario_40,scenario_41,scenario_42,scenario_43,scenario_44,scenario_45,scenario_46,scenario_47,scenario_48,scenario_49,scenario_50,scenario_51,scenario_52,scenario_53,scenario_54,scenario_55,scenario_56,scenario_57,scenario_58,scenario_59,scenario_60,scenario_61,scenario_62,scenario_63,scenario_64,scenario_65,scenario_66,scenario_67,scenario_68,scenario_69,scenario_70,scenario_71,scenario_72,scenario_73,scenario_74,scenario_75,scenario_76,scenario_77,scenario_78,scenario_79,scenario_80,scenario_81,scenario_82,scenario_83,scenario_84,scenario_85,scenario_86,scenario_87,scenario_88,scenario_89,scenario_90,scenario_91,scenario_92,scenario_93,scenario_94,scenario_95,scenario_96,scenario_97,scenario_98,scenario_99,scenario_100
1,1939.917788754514,2054.4566668320103,1180.2527237848597,1746.7132456960871,620.4611399235248,689.2689512763789,400.669347309782,0.0,1946.7307998543085,1597.6036218016588,384.4378872396646,1638.5613246962369,1269.7368864376792,0.0,605.7201152559487,1198.579344032148,0.0,703.5932551298442,334.8723916500457,835.5047718279714,1022.8769527865334,0.0,296.93030603621935,1259.136111657699,1692.219567458304,2456.549431701397,959.9780776020945,753.8767921050473,0.0,1190.134686182008,571.5379899009125,2487.9334564639807,0.0,1139.7250758955047,1669.471347289396,1231.3503567683583,487.3175906799327,329.7221965662921,1247.5106825112825,745.1369272871159,2465.917004430492,104.27224710823293,1921.1487459899222,0.0,3368.156108605097,415.05259195988026,2454.0911549135208,2985.3311596274652,1219.5708830400445,774.7357570241312,334.02618167985406,694.1755698536326,360.78793687741717,0.0,0.0,0.0,0.0,0.0,1065.1088661921833,423.74245750344767,445.4309016599345,1747.709667540814,228.38151497859621,570.7288541965285,1473.4652664314026,1311.492689855243,610.6768945605604,981.6288269543728,1521.5170758554154,2193.0222655720027,604.4468009543376,0.0,509.61781831709646,453.95207983474603,535.8418822699384,1277.644084398593,914.5156703172155,1108.9079271897194,786.6605644638122,693.6516356986355,0.0,1103.6543924518876,969.1116660731951,216.97756229071103,1689.1751582708928,1184.3170164905684,1656.1459216698536,1350.6751030074988,0.0,889.1957336464138,1965.3131540611632,0.0,31.914954702253908,1731.9026474759726,1429.279016632556,263.09725763165386,0.0,458.2793884783651,2010.6789125434864,281.97606617399447
2,1690.981066641379,2199.3772449076855,1311.0191950855215,1904.9237258676328,693.0527429115816,674.4130313296948,289.22316547959304,0.0,1809.731012020014,1429.1731436278856,326.62858206238974,1440.5440319046322,1318.68273706442,0.0,481.03036626246706,1455.8208872254759,0.0,567.1096499098246,525.3290690131261,1019.0859442781191,964.6089614818964,0.0,236.18582601392347,1280.502629114985,1747.0886237942873,2574.695263488351,1188.992622781484,560.2230350074417,0.0,946.0974298309869,616.1782167760621,2308.048041141704,110.3295240237502,1120.1643462653267,1840.852644087938,1311.140408404707,408.2356321116552,269.6268613437435,1389.1254172639744,703.4897321846937,2377.1307859718268,261.02089772891554,1782.6293117314872,0.0,3473.1024755867684,359.1912306519132,2469.5784229327655,2846.423587133777,1344.4553679364944,597.9588622719834,230.1454383889154,490.38511809312206,374.04771733193604,0.0,0.0,50.80265180932315,33.65760822279526,0.0,1212.992603792422,217.55049271719486,578.6829709702358,1686.3213320908394,224.0247572061204,628.0800712643963,1327.4370872056656,1352.3157736782189,392.2925874187782,1005.4105327255787,1367.6239037112628,2210.319775978095,775.7605927513046,0.0,630.001784985675,476.03470810068114,573.765419341818,1611.456064988662,1045.5657922258972,945.7586127313668,858.2792242008668,530.0093375862,0.0,1091.9054415716912,992.5766375431899,278.8487730229158,1703.781615823697,1032.2410295279415,1545.5929374672305,1295.0167497735974,0.0,827.8503797592587,1840.5941444500884,0.0,65.41762646580173,1820.0590179900332,1478.0863877116744,294.8868776564651,0.0,381.4554259981117,1872.9112207182382,217.82779430239862
3,1448.0828631896131,2283.7035135872384,1514.5621439801466,1963.1691064217205,742.9820502560325,503.15274141690804,141.80677121770634,0.0,1690.7023446605542,1222.57119286744,448.80948631840306,1106.762007632236,1297.273326932356,0.0,479.64193077692164,1662.9156175819408,0.0,577.3416705176054,641.0184935351763,1127.2493352399715,936.4811428832077,0.0,144.7776721710436,1281.8488985179924,1815.8679865539043,2820.4742900529777,1183.1423174852378,467.0546208482744,0.0,885.8983735123546,638.7859087315712,2094.2419696778998,263.91857740764294,1114.3011586715534,1916.9851400940377,1354.8388528513813,287.16023311699576,190.22724310469403,1418.8914668221114,537.3493202729837,2231.338002998209,435.56281921357754,1501.2702140065837,0.0,3507.1921132384887,336.07949179502725,2469.683292824574,2687.728871982835,1408.7989343046756,507.4437627606348,92.56468532722852,386.38519211133405,226.28302340361483,0.0,0.0,146.7025584844239,220.79837201132705,0.0,1251.2121147676828,92.05533210204226,674.6154655211434,1524.525543060202,194.91537565821125,705.5746269956907,1127.3639895088495,1590.0459384833966,248.29622993697853,1146.3694607724997,1127.6753973099198,2283.546320001956,862.9394489230302,0.0,876.4804424418951,488.8468577502408,615.8138379856832,1830.9731372569618,1243.3643409160838,770.0357691048274,846.6126466132149,429.53191676927463,0.0,1120.60691874901,1001.0257573531744,436.1713786883987,1774.3038606465138,857.2476796402416,1463.9182624268278,1272.571604845337,0.0,655.7452826990707,1753.8429665659553,285.08466903719363,4.5558677218355115,1838.4596290774123,1579.4211823311657,492.513082318392,0.0,407.97334533405694,1703.2961226245282,173.33155766639618
4,1305.6908274570794,2249.9888712466795,1671.0188586631643,1854.7156970920212,826.5970429926263,309.3234439719217,11.872257956202134,0.0,1669.7586559544886,1083.0420457445175,541.0013504752354,801.9633346110264,1168.2929825495478,0.0,479.01638159844356,1845.63518073925,0.0,771.6318796417852,689.9441653603012,1437.14902508076,859.2964517386039,0.0,26.50637746645475,1168.0411588190586,1928.5037052695104,3045.172435839124,1074.8067710565642,285.88422642499654,0.0,954.880096266378,676.1488156016401,1918.840493554408,529.1032895305596,1064.9829677084858,1987.438075973742,1375.5023964618997,191.69891842612878,157.70484122320408,1287.967822664457,317.84598480983493,1945.9445606164609,527.9895541684821,1225.9440191686385,0.0,3470.3070681079353,473.75482500156613,2361.8815064013043,2451.067158650334,1522.4375627890076,616.3257540214298,17.487028482479218,228.21895134555984,89.86980782671822,0.0,0.0,164.09858215868144,346.5484862714726,0.0,1159.9236810035263,0.0,808.1149678019282,1377.4862040996718,141.4668433324307,857.3481236206999,1040.4531820546272,1835.6170494955993,198.65326408165765,1199.457066888503,888.2811042004422,2423.8861592676826,857.5870462904834,106.34012297917252,1132.0329697615314,377.8649295835412,686.2405467323056,2000.7699358925067,1418.2909038466455,716.3856224024644,873.8693913542601,446.8240525617957,0.0,1224.6326565976997,967.7060998736451,602.5706199954244,1716.4588939792575,819.7330820193923,1348.1054752631217,1299.2296242415832,0.0,429.8299588626876,1565.3491969695976,514.5786542184155,0.0,1753.5738663852346,1568.5028307965367,656.7113418507812,0.0,417.2857972754064,1546.5186223333676,326.94432172606867
5,1207.285826325272,2151.0520792091233,1818.5694781129519,1830.499114961189,865.7345565597328,167.76937445288263,0.0,0.0,1750.377086284089,1084.7898963377468,496.6687445676624,529.0022697538159,1078.405709662472,0.0,548.0450335421042,1848.0220239189948,0.0,1119.919869257666,779.4993750221913,1848.0765577078494,859.2259377696632,0.0,0.0,1102.7001838839951,2045.9806368612913,3232.974471003521,1037.0878343908894,69.46140358966557,0.0,1034.1910289967632,783.9461285824046,1887.5874526326581,684.1747955879554,1146.4808811516673,2022.4164212461935,1273.3320612524549,183.55668515674563,186.41309378739027,1243.834626172193,60.078547920284905,1694.1194581065736,467.5839385506843,1014.5034334124671,0.0,3332.7334447738403,711.4960786815318,2283.170395828472,2288.6884099816184,1481.4976276742154,857.2453218270423,0.0,75.47308768421112,87.5358918772946,0.0,0.0,264.91685904119004,604.5474044585721,0.0,1039.9423407144734,0.0,985.7308255502967,1210.1721052687703,114.25233016540938,916.5776414380994,1167.5706124455266,2023.3998161302482,224.65780135863236,1079.3689168572448,727.639861020483,2443.846634338796,720.1048948170795,355.0668201199636,1321.4221078581736,171.46866026078715,695.7423214114688,2023.8712381945945,1629.570881241234,650.3764705485546,870.2798567368275,463.1156400303672,0.0,1335.3711928978703,996.6285487670509,778.768861499308,1592.3597804193212,807.3009652371259,1207.2786745157907,1237.4490887320308,0.0,381.4327359882557,1281.9832344626816,691.0998506618455,73.17459577153659,1570.8745014619813,1698.242494143271,848.4101783804965,0.0,399.7950752448606,1420.6373922776256,485.46028799481405
6,1116.7898256234166,2002.2964273752084,1882.6009871434578,1785.2337191676077,975.6458872837857,78.69156107521144,0.0,0.0,1810.160065891684,1209.0915204938108,429.02057390791333,372.68219596731734,1116.806823815393,0.0,447.0225612452464,1729.9239125367549,0.0,1387.404960388697,816.7250392396434,2160.0326295123564,828.1868079251074,0.0,68.29326304467668,1227.757373086507,2233.9564855518347,3365.7539312275785,1196.3086794504325,0.0,0.0,1062.465348031984,901.3935973512342,2051.372834024076,642.8554014639928,1330.4937826069684,2002.0688411077165,1188.5571327053594,262.5087885934106,175.20205360368232,1178.543363227283,0.0,1513.7813163148398,585.9292359255255,950.1542481168792,0.0,2973.7392872389255,898.0528480570938,2197.4633431595544,2029.125042757111,1433.3930940296736,1101.893754550772,0.0,62.218862259592356,93.89308775284667,0.0,0.0,382.8019277878823,747.8082460395901,0.0,880.2358910784145,0.0,1223.5101818497665,1073.7369501391495,26.566837584576206,950.550819977926,1292.979908098806,2070.3951863574075,246.12560702159658,1041.6927413267213,554.8856279818519,2307.0755264138825,619.0874863750489,542.6211081427024,1527.3080968878403,43.440759681718646,553.9679367806442,1849.2734868841178,1732.8275155028653,551.3978826753147,802.800852520853,532.3375575202488,135.65549088883745,1399.770054316904,997.03960151066,864.9674658907618,1543.0176242437356,692.0083790885488,1087.9329840740525,1189.9653875239865,0.0,410.26228168920653,923.6441229518749,911.0566522338406,113.12021635477254,1427.6199183669657,1836.3337257175597,896.356421336482,0.0,467.4660299807742,1297.792279165509,596.1939883199193
7,1042.335638704545,1746.4663117854723,1762.8942848264446,1650.3398513764046,1132.353365269379,7.89885886448792,0.0,0.0,1970.2578031435592,1166.240301802496,282.8039528438112,343.3152647361104,1317.4832159227315,77.77439880084216,362.5738814445949,1617.2616314940308,268.7620857093061,1382.1329598187488,699.4040154478762,2213.324015362682,825.2754936101137,0.0,233.8892664289026,1316.651073639547,2308.7022943287484,3414.484278505033,1407.4944438428606,0.0,0.0,1117.2690838019178,1077.2882916810686,2262.676368008216,528.4763465226082,1582.125134652453,1953.2939711283518,1009.551016824628,255.59338364029009,186.83234705776817,1107.322732835193,0.0,1418.5090501256304,758.597220346702,967.5654781920991,0.0,2444.313190810146,1121.3328679375534,2004.7782234154758,1753.0088479562776,1353.2987652907864,1288.733845678853,0.0,158.39763570222124,182.70313509679772,0.0,0.0,441.9108889309306,905.8649068364923,0.0,660.6690910213415,0.0,1429.0222481053515,1069.995927055687,0.0,951.6328141474063,1367.533129723341,2048.6077166862783,320.30274776418605,936.3793026697283,441.8677568807841,2103.467281579846,488.8851458684725,740.3876967239505,1799.7264327990458,0.0,389.84196777398546,1819.3318778505513,1805.9326642216006,508.78915726324806,668.5476181630609,679.6465749180339,184.3501102723841,1379.3572868010992,989.203272676939,780.939427296647,1450.1886987712214,561.9049408723183,895.5638770825058,1076.9730773308772,71.2325947986476,612.0029238678226,642.7791667429663,1047.2369472831385,129.35949135288604,1389.337380003582,1854.5769053969793,752.5447785824626,0.0,565.7345497062861,1272.9422447188417,787.6926244864168
8,894.7890180794247,1565.4549226706577,1606.3255424631984,1633.3602783813917,1209.150876010468,0.0,0.0,0.0,2103.645762378239,1152.9334273091272,178.62288418584808,358.0076198540021,1533.977778950064,444.8447956229454,314.3555621636279,1520.2677942260925,552.3781259954897,1421.2142564627147,480.7167999301766,2194.5478726081956,848.1522682881509,0.0,409.9845450017084,1512.182492191128,2274.117125459471,3448.690562056947,1560.4012463943754,53.61554432232697,116.677155235329,991.68521460221,1379.0291346680747,2403.341164284432,459.1794722261227,1755.8665012855745,1931.7854810084527,814.2232860887951,471.24488605803083,245.51365213847862,1015.0940725731912,0.0,1439.7147372722363,925.7510970790526,929.2071443377228,0.0,1885.3235930400558,1114.063550756443,1850.0138362992416,1489.8246415626243,1123.0413482217973,1370.4573392066925,33.162092467729735,120.12067724611768,196.27438479453633,0.0,71.47260281814783,477.0092570360706,1070.1763529072791,0.0,437.038742683273,0.0,1363.4508007177128,1194.5925712868823,0.0,1056.3361540955175,1277.2926599758093,2141.374743389626,515.8311555679182,731.4893664406871,330.32167649062956,1798.546868268704,388.54555463230065,984.6373553373052,1985.1216234299457,0.0,267.6888706809782,1947.9031352357567,1905.2138427299842,598.5134039382237,619.266630796697,799.8016736211409,300.59013807634983,1365.2192752038563,901.3414260694044,719.6219637763194,1412.615717441961,445.1066870655126,732.7517872059157,1043.8097717608343,246.88008751183486,682.098853345485,497.9445961837703,1148.275638732397,219.75172219637193,1381.090398557574,1814.7183535994393,728.0022235478799,0.0,590.6297670821665,1362.1786727006954,981.4205282345426
9,724.3342146275243,1395.0833804519302,1515.143477618029,1737.8277318991006,1177.8729996052666,0.0,0.0,11.030678276774097,2212.50082683226,1117.012806654766,48.94264379328797,402.6863935675659,1664.964959268219,813.0291360201294,219.51495212896202,1509.9764116166252,719.0984659090958,1436.1149562098312,378.7727437999896,2234.480055942482,811.3133832641211,0.0,433.75289152236803,1686.3400730014878,2067.8504471632214,3651.358042658655,1681.8759240178686,280.2964437844523,173.0972358481489,872.420358075843,1540.6828976792444,2595.5485755515047,410.0996779220002,1768.204181561102,1930.8672125515402,737.7343869702479,511.0904129937047,363.3902985344813,913.7560498678401,0.0,1402.213288247447,1059.8939793471861,976.6335627978151,0.0,1335.4550558909739,947.4661155469482,1700.2871931604516,1349.285182010524,903.4290145717694,1261.4447609365634,148.45257364278314,159.94848345717264,171.85284016510604,0.0,274.8259445230167,471.99403517287254,1211.7469163954643,0.0,115.8109647205199,0.0,1185.7770659162254,1518.5079684152624,0.0,1251.6096368141134,1136.3371765038696,2188.922200666706,826.504314086706,339.73899073206263,284.6287160519403,1560.1696186687022,333.3777217085719,1243.681714622732,2075.500796144533,0.0,264.81966704377055,2118.393329021531,1869.2908941802057,528.6242866171838,631.5690619122643,775.4255981037152,530.338150732451,1364.6123947011845,916.0516829450894,663.4809029819717,1462.0320170322484,437.22271626594573,573.5610807118528,1039.700870781816,350.5082831247621,693.3041423276593,351.19483601467914,1087.1205359542125,309.24126948118123,1436.707033041601,1630.9726978912395,713.7052649782634,0.0,563.9434472395095,1371.7125147844927,988.9718595220501
10,492.36862733796164,1228.3133731932264,1414.1287790149404,1825.0310351581775,1106.5290995853948,0.0,0.0,17.94773616306543,2256.9409860348605,1042.2211170493892,0.0,514.7656494673502,1888.2571467098528,1259.10054415696,233.88995376375806,1415.3953192182285,692.3655876778582,1511.1547149351172,448.60619129010166,2102.2672894337707,724.1317534201339,0.0,415.32023002652056,1874.8169587306973,1965.0344020851437,3800.1738390533774,1681.1356326872178,377.58237181774905,147.01819348704635,830.0273977958436,1484.9656863873117,2661.510146732734,238.51876568218097,1841.069138407828,1842.7910775517462,747.4501546602276,605.9848590957199,463.770625131089,873.8198029717175,0.0,1379.3700178921483,1086.8379994219715,1021.4222756167219,0.0,978.628004468585,776.4703364353101,1504.013156950729,1250.3915232121512,681.4258606409608,1000.2356249373003,123.18826100441026,172.1658907115526,200.32175567925378,0.0,422.2284567203392,512.325547875531,1374.709568361605,0.0,0.0,0.0,1005.2299219699867,1878.561568630093,0.0,1457.2542200823125,994.5020493137092,2010.085171143662,1073.02309892596,0.0,244.35432609805832,1444.605598703461,389.82435427869825,1333.0118569280808,2072.4449986225636,0.0,328.6175442210766,2310.5831405182125,1757.0080601556435,411.4605476424156,602.9739415191157,587.3361634787137,692.9435137175676,1360.4243128050557,915.9803499028337,593.345466754928,1564.348663839161,378.18968894211486,402.9376916262162,1080.8391854455585,404.0166201594046,645.0592556424763,253.7587252859439,869.3150824240413,400.06453147742184,1450.8610330740971,1575.007429991643,698.6467854325211,0.0,536.709464499536,1316.818567479243,930.5664192688885
11,255.70550237845362,1200.9737249168438,1335.4884199277742,1747.1187278980387,1092.692314263596,0.0,0.0,122.018252667728,2015.1400026476226,1024.9777041663747,0.0,698.5096422109829,1982.8297734924495,1759.129887874413,288.00564801203734,1468.1784700446672,615.4098395602483,1615.888783067021,621.7904990469349,1927.5158627393826,650.1231058133673,149.13515209798788,476.28365666695856,1992.974469134731,1836.2874377970782,3925.7355139916217,1537.921853126567,384.0808813955373,180.60290719430725,716.4688127664557,1501.6684035619924,2682.5386467999742,114.94257175866983,1880.6043680731802,1739.1244990727012,610.8604618738526,693.5387362276446,658.6700681633695,779.2908052011753,0.0,1348.8890355723856,1010.838608754146,977.8093813418658,72.85328910965018,805.8581508675411,653.6185411966158,1325.4823949333668,1016.0287513159209,513.3819380381369,759.3185029015051,0.0,209.55458057527585,227.02838327177767,0.0,474.5952465702384,678.946554986722,1462.2391249251004,0.0,0.0,0.0,889.7032289944445,2143.451156328874,91.5503180935766,1593.4128102323657,725.7248793450142,1720.617690542755,1187.3873938274278,0.0,260.1209809817874,1363.7842686443746,451.9800770002433,1320.6567842555876,1866.241918844319,0.0,261.05722827251657,2328.203469378361,1714.3395756712569,307.60078198827017,471.9116679107741,397.0417841044907,957.8133586610974,1437.4543373961633,1005.084191744057,655.4347645056572,1514.16063746265,237.35184987022797,286.54607956366783,1036.9906995093245,434.2210493955895,693.5229266980306,261.41777620693597,657.9785835070475,653.3826182059729,1501.7710708013344,1613.504986321823,740.8751178483025,0.0,436.94348450327897,1281.9090849734143,834.4741685011061
12,99.3354826261459,1184.2504159352159,1309.6706614355103,1698.055360153116,1024.5304537105844,0.0,0.0,254.12401474747116,1594.1737098878932,1156.613891101272,0.0,828.6239163639422,2056.5534017831505,2210.4958298541296,414.16731650741804,1553.312948279199,600.2484780503928,1713.4522131689632,776.0124474813408,1779.5516861489784,705.5101453405671,330.461394855074,566.0679441609253,2076.5505567354276,1752.9875682607774,4129.920224373593,1262.647135235652,230.11123785060454,199.9714610897695,619.2032091806352,1553.9647722749696,2628.928228118896,259.6498623270777,1955.5027470704713,1574.7653818137494,532.1892237814391,715.140429129023,712.8010468026421,633.5725508490673,0.0,1344.084296560314,790.6029880720091,843.0572493888465,314.50551727004176,685.8338638880494,737.5462456264206,1085.5087042683067,887.6171623068019,440.01821012782693,655.1093838294508,0.0,217.79756654671087,156.7508234473521,0.0,376.33076129399535,771.7922429371857,1361.2000098551355,0.0,0.0,122.26749110299579,902.9419061948762,2224.801985509097,287.9601385471998,1606.2820528201783,439.53417345828603,1421.653873504962,1187.385585715667,0.0,341.9143620444531,1330.0812464485653,546.9219709516765,1241.6047063435653,1752.9092403906895,0.0,176.96420963977425,2179.756369093659,1678.5982217750334,140.31035085656913,471.7974563063259,221.5851247416067,1149.689785608725,1504.6090447802158,1287.3542494801018,702.3464601841073,1319.4560426029805,42.22687667838977,173.82103699295521,905.7525350464499,464.97485193283455,742.5264946011553,334.6299181556042,559.130519317501,860.914455569533,1470.7153417701552,1621.8173806021746,775.7507721260287,0.0,410.44674038621093,1317.4920975380016,699.5558978967854
13,24.4974279042965,1022.3523474618574,1382.9066727430854,1640.5432293196295,897.4335125023474,0.0,0.0,390.3421246990504,1171.4415007903424,1226.4664458080938,0.0,1019.2959265960296,2154.3410216780735,2383.562559513278,548.099361900461,1637.8634859799959,554.7106611100114,1779.248526578469,852.3208501638649,1732.502910271637,832.6348505661203,464.90172244948633,640.2824720727949,2266.952743435328,1640.224372024842,4171.789930076634,1009.0774066608617,61.85108871795012,274.413402769046,622.0547480439251,1658.9072683174886,2634.3079356356757,370.5295400624391,2145.2148253095884,1306.0283021967603,513.2840811814649,694.7552007257354,703.080559797073,546.5418973750668,37.162337784030115,1488.381342833836,435.9689133162756,713.4321113462684,470.6744194864609,716.150756617352,792.0406782674575,825.2160727253652,944.6791872408606,488.80223355170034,521.7603531579531,0.0,145.14428350772152,48.41680441520475,341.9070061473892,164.28204815348704,766.0685874977778,1158.888252159034,0.0,0.0,296.6004112448243,827.5071838720345,2282.2247208049484,461.5654920950353,1595.969623972862,125.74439196253047,1138.0220527792235,1101.3274278896383,0.0,339.71769070318567,1388.3312186324038,545.1998505028553,1220.3297985763527,1701.8207736568831,0.0,179.9709015594035,2026.81532816995,1753.0887890526071,33.895933280196914,359.66427980533376,114.39425034071394,1366.5472014089892,1442.799906032459,1550.5113821965854,577.0277000718007,1153.9472034261646,0.0,33.39559052986567,748.1136933804369,394.2383412739627,686.6339283369185,361.1606830136652,586.3824798813146,881.1733972168973,1425.7250230702512,1507.5002457060605,636.1650602059075,0.0,424.0912573824611,1333.1031115501555,604.1507495028077
14,23.608105965997538,860.2480292737442,1509.320562465328,1503.7457696402341,782.049746435962,0.0,0.0,391.1967161739234,839.5534237971443,1219.2660998867384,0.0,1194.0577085153777,2264.3536794456777,2460.4783682504703,618.0858766900185,1761.4474019955278,452.60141359238537,1844.8533321322889,905.6209845507003,1749.011288314607,934.2481594976515,598.5733484462078,653.508583194875,2335.060180468022,1586.8394691009787,4031.467821478356,880.3522461234829,74.16686246775737,336.98337144963807,429.52342788781067,1672.4943803892024,2492.470836975492,494.22874721193443,2282.6524204980833,1091.886525704106,393.1259275377444,764.5493869416338,715.0338010251525,540.7200599555454,166.31412462220146,1555.4808052458523,87.78381981716484,565.3423138384178,554.7947476393734,905.1700334428683,848.383564412431,715.3565841447381,1086.1761491272127,482.53574996031045,423.1657930839269,0.0,93.77349113965704,0.0,564.5675375162406,0.0,658.3564365272443,976.0586543530079,0.0,0.0,296.80464990463804,663.5597599910288,2356.765410132596,657.5800146466173,1402.4723498694314,0.0,1024.0093715924672,1023.9872810329529,0.0,389.1067076159221,1388.853910377661,539.3306347561131,1090.4243719718784,1609.8851492453696,0.0,47.14599606990669,1712.4802330043244,1982.419755847483,0.0,334.4776948906126,21.32855150081764,1454.4790616510704,1267.636580325533,1687.6137718895175,543.3376970464253,1074.7878379028189,126.7617128816538,0.0,533.6101214937812,461.4692893646182,657.1013858131764,433.8688633466784,697.3222678904389,983.3669719762788,1398.1463888245282,1305.7838207226625,437.4625554986595,0.0,426.94977138952066,1277.8280059066954,453.94118234023483
15,16.353409673014994,843.3913551375783,1606.9416924002794,1394.2973476568814,545.5759305202353,0.0,0.0,383.6303895475717,693.3678614465146,1148.937842957685,0.0,1359.806989595011,2362.4677503935427,2443.3278015730893,662.8060127111332,1982.1318334821322,330.5068573066229,1809.990033096254,971.4531641838687,1709.4711785649495,1006.5260294903474,567.494799530391,648.2969436716171,2396.7100180107545,1477.4009204077306,3685.646662110683,799.5702959085816,37.173986901597914,314.2645850485916,293.68463922643286,1406.54465832046,2351.053792776571,634.093812954379,2259.7738469149217,950.6442567404367,253.57666732228938,937.2390269321658,654.8795837396306,594.2832278462075,377.56977422066984,1440.3905768621796,0.0,363.92392548249325,462.91390999103197,1164.1367167688531,916.0351364154587,696.6978786091324,1289.9147272518317,367.14484170426203,346.1080611776994,119.53566589339857,121.53956004581414,0.0,685.8814366201657,0.0,536.8861155313741,664.0283211714066,0.0,0.0,344.02946928590893,430.9436726653265,2309.9853715471977,697.2819770783674,1233.7284145324943,0.0,856.5378611766662,803.9233686966436,0.0,410.19048375616586,1417.7914405444008,492.5691489916356,913.8199158470595,1627.4638765149798,0.0,0.0,1444.5242662348032,2131.7351400930515,0.0,316.63102045445,0.0,1453.3660985603478,1066.5328358947395,1671.8130182376774,500.96777277381386,1027.385813514276,350.41896507358,0.0,237.43962167973336,601.2069413749907,657.682254171054,647.6954900520527,686.7526852736933,1038.3086613084845,1177.88064991458,1108.4790250561257,177.55466008605936,0.0,314.184400888607,1334.0026682233763,307.27446557833304
16,0.0,970.5732077850103,1641.0553610155562,1191.146239612534,291.1521943671312,0.0,0.0,424.52959247618605,708.2345895203399,986.544219242391,0.0,1565.7482985698177,2479.3368858378544,2449.872733195245,704.705428779853,2081.3284169444532,298.89158083636465,1661.1858209497555,1025.9908634796323,1677.1972926130738,1071.820838932566,487.79820308221827,680.2680539714358,2352.966253553712,1360.813272082003,3242.062564102148,838.0459611738106,0.0,418.23608926589634,207.22305505531608,1200.5618244705292,2208.562971531049,722.482550877495,2319.507375233008,940.3717146669497,111.674329600595,909.5107958246058,711.1615371591485,610.0608505713434,540.6557043105594,1244.3783287452795,0.0,160.59550549661026,238.8094344191676,1488.8794436376138,1059.894543874682,797.7981269991573,1474.9371127507452,333.23731008316196,265.7288573148048,321.31748068362845,154.177707784145,0.0,755.4821910370242,0.0,338.24225484750616,376.90953505503956,0.0,0.0,488.7114765875938,338.7428053738114,2110.0648732492837,551.1703141377154,1003.3970825171767,0.0,635.9276260126302,518.6602421275265,0.0,409.9383123619291,1515.6275916551156,481.98429747933693,666.102254059775,1700.627847816063,0.0,0.0,1255.5536967759963,2373.895009199051,41.15614727061188,353.4226762531586,0.0,1431.5406105450993,1012.034871963122,1833.170398898178,520.2973082940822,1061.7358823359116,648.5827244974764,0.0,49.49154153479924,551.336946524077,788.6150818097955,807.1940565055363,680.3409019637148,1097.1116818879018,1029.5327445436292,1030.015779964428,0.0,0.0,155.05811962839266,1393.979111420193,270.5699455424344
17,0.0,1261.073116915104,1717.8090190488876,921.0996302802337,403.01340797568224,0.0,0.0,534.1430713795522,699.0858167045756,926.3200541888585,0.0,1695.3315721753293,2540.3491658443227,2261.441878438166,893.5417252059525,2011.3759462711498,169.77434560400366,1576.447653029472,870.9311133665103,1697.6800972717972,1153.1704163292652,433.12129240237323,861.1274630288628,2135.7073315099724,1169.5772206047134,2886.1398524015685,1047.1136356685436,0.0,508.6294957874575,76.07961360070351,1012.0788640198637,2041.7066649228607,827.11466090428,2334.5937417306486,930.224509226025,0.0,674.0201673437108,756.3557396669144,593.9644188974152,559.5789843299493,1000.3335959491188,0.0,12.865217522990747,13.987915105580555,1874.351508502725,1113.11325159356,825.6217360953492,1673.8557262551544,320.4854541491865,304.07867931133666,563.4833756091901,77.0158357181192,0.0,806.9093452983439,0.0,81.7334050651599,107.16322764943254,0.0,0.0,725.6264468359717,291.7598555419638,1828.955250657465,378.9203371087508,882.55821130174,159.05802206162775,408.7240852350978,201.05943320182382,0.0,263.839979879411,1534.9023516602583,408.5114445304191,518.3182534139426,1668.7624693433731,0.0,0.0,1095.42104884925,2502.4666103709833,200.72630281238537,428.7086467916015,0.0,1379.3484541486882,1169.7037802472869,1994.4744972396609,620.0307396960229,1244.347894518582,1053.5057275814618,0.0,0.0,445.2403374938599,985.8189560129892,948.6787530122156,668.7686996213506,1141.9150609326502,984.3113900317346,956.0202252682196,0.0,0.0,65.04640821382895,1417.3002755376897,119.37365517599596
18,0.0,1561.5944440702347,1694.2785669583943,723.3598118586622,558.2729753159484,0.0,0.0,623.5089046275691,630.6140548190381,827.2517926701385,0.0,1741.5288222065587,2594.7134203288706,1973.806556984974,976.2298095160706,1946.8115462738726,190.9882473993689,1444.6376914497437,901.3540138650098,1680.3764395971516,1271.230717442212,354.4546097520814,1145.0829022173698,1916.6083728846231,1135.6084149059116,2689.4829084978173,1087.5543121476003,0.0,480.9405991337933,110.14418990561421,790.6332679119485,1849.8890830250464,644.376559637359,2236.8274180415165,864.4811844503446,0.0,252.1685875808355,775.2902291431844,657.7432413441377,499.00333020133627,695.8413649106888,0.0,0.0,0.0,2138.7789790688485,1059.4727981431897,911.091915359005,1755.0491930506398,294.1309695078178,350.9331726899261,683.7585737618407,140.07200223240864,0.0,848.9164064809728,0.0,0.0,0.0,0.0,0.0,864.0549147845771,218.1401796734715,1705.9350637042178,344.73500243657526,876.0942987555238,487.6016871652165,144.4063302094978,0.0,0.0,165.50075464480187,1450.3038839523333,257.2901859064958,399.37762319154615,1662.8226986924526,0.0,0.0,910.5326644698223,2440.2666847158466,473.24985516590505,454.6080592176519,0.0,1320.0375270566528,1319.4570157804721,1938.1934031802266,791.991499541695,1383.3418418278952,1334.138930816552,64.50983683416598,0.0,291.7969084823178,1186.5815713684415,1117.3927689281986,592.658406123544,1268.7446275748352,1005.4940206891185,870.2584927148214,0.0,0.0,126.83965572813247,1267.4467905615184,82.83745329530416
19,14.463397607788238,1817.7479927577356,1485.631355585244,529.9358903424345,715.8386234162084,0.0,0.0,660.6601586205651,662.8728740317804,795.0631858304268,0.0,1714.5132173245097,2516.8321814522187,1600.7897422965082,858.1922604527589,1853.2508774654536,80.00418924137034,1315.290719044241,1031.6275951272692,1615.8132606727254,1289.8488354080641,399.1728211899122,1372.1881075449141,1678.6766623575425,1209.1750244411928,2636.587964654118,1083.3772887251357,0.0,363.46861396278626,155.03808805774315,728.7178011438392,1664.2577668379893,343.4626411724273,1951.6548583791684,920.8521401869381,0.0,0.0,806.7245980724355,719.9565311836845,471.15193604761726,379.88177677375944,2.55792321735089,0.0,0.0,2199.8691961136537,1033.89505209438,997.8028924135692,1734.1173302009242,245.80311469302853,519.0884762148025,739.4976691573182,124.49637595164654,0.0,874.4043613746802,0.0,0.0,0.0,0.0,0.0,860.350852932258,148.00147382931686,1494.402232343973,260.77646138974274,914.8672019010145,726.9826610168733,0.0,0.0,0.0,180.20497468476026,1314.7028064899573,101.90569279805959,348.11327824962666,1723.6883985639654,0.0,0.0,902.1495587524241,2287.55338684202,540.6068269812428,330.7657049679607,0.0,1225.5702115641589,1345.8253888565969,1854.3250062154314,903.8906850626424,1615.4720972774303,1596.7743779464463,196.88976665055952,0.0,0.0,1323.8985545491846,1292.5595027585646,495.36412187221146,1343.3667797905885,1012.2470345796308,746.3031322822161,0.0,0.0,82.61350059811298,1224.6379397792134,96.89274675112495
20,54.93919941417653,1864.8646701396995,1189.301290446902,394.21335774237025,781.9747802239564,0.0,0.0,711.231982597739,874.4044678373423,910.5974615988209,0.0,1596.4008724322557,2445.20192207569,1212.1090154716255,726.1016310932322,1802.7047496980672,38.817825431623305,1171.9700318496698,1075.2347985720294,1516.1085870538905,1132.235744457762,545.5584281994821,1591.3156633236433,1424.174043311835,1304.5936858734324,2638.9754005870464,1130.9657541575123,0.0,100.53809092799054,292.36471943884,831.2759116092766,1501.0081121952107,56.648603368365116,1736.7458802989797,981.2747000051279,78.96908241821893,0.0,892.9325935595613,815.7704713501458,360.2310339332498,137.0831377976773,91.94224845799386,0.0,0.0,2303.010659798827,1099.8633912601153,1109.6148927191605,1646.942728952735,312.623966792327,721.4878869486314,838.595476883111,0.0,0.0,859.3569715463641,0.0,0.0,0.0,0.0,0.0,878.4606520457897,322.7770993182719,1309.946618737824,222.46089711281377,1028.3808318849008,893.6166861434922,0.0,0.0,0.0,147.11931651804025,1212.3489523940605,0.0,410.1792731038077,1760.279871158807,0.0,0.0,958.5217832618453,2134.4148350759497,539.7886241933169,281.4938213227408,0.0,1070.1470914251104,1300.4794353574866,1595.55851508407,863.3292727105841,1693.551357081678,1810.6938309129143,288.42793401786946,0.0,0.0,1437.74634640463,1383.0262015475723,397.4141719492311,1378.2838514148066,1032.8225049766233,554.1027960610551,0.0,0.0,0.0,1134.380566637418,81.57631841009413
21,0.0,1850.6908728131452,800.3046785370427,261.5795781150056,855.7479132623507,0.0,0.0,702.7485637679924,1128.0240941690317,1078.1472874939823,0.0,1594.3255918746756,2443.7549575639687,742.1939492046646,529.6278211434417,1852.495948954637,27.769867168056294,1199.2185520194905,1150.989059805154,1348.8504812084896,872.8521361690778,689.8576405358391,1729.945727316032,1304.9805314463565,1374.107473718444,2758.824352759646,983.4179500039772,0.0,0.0,493.66952853395696,1115.12781714331,1498.0449288408413,0.0,1562.615448716479,1103.052791849193,47.69043855736902,0.0,1009.6480608655216,970.3307271316648,213.77747965458843,58.56473695181705,290.12103556367686,0.0,0.0,2401.484161454081,1046.1741811027116,1127.256842369004,1544.9528066408543,433.92817502126593,901.5479601537647,894.4776776735758,0.0,0.0,823.2481714454831,0.0,0.0,0.0,0.0,0.0,954.9181051052841,447.8891072188118,1167.8298882966994,185.72513018197492,1038.2457024999364,1004.8161069388275,0.0,0.0,0.0,257.9439864847931,1206.644043035581,0.0,386.3319915776206,1806.7376375500512,0.0,0.0,1133.706840712337,1925.1919634562908,493.74938449074494,321.6611548686758,93.8123437620518,930.6876534636533,1316.2866609377343,1230.512875934623,897.5517261641129,1814.3474968749338,1973.1864932611822,481.71506930219186,0.0,0.0,1361.984335538683,1421.0915275556922,397.5612289732544,1326.864571148093,1016.9425383819699,419.07362554103344,0.0,0.0,76.49146496058461,999.2990605006964,0.0
22,0.0,1888.2744671292999,405.63166214903623,95.17325924556224,1041.153023118314,0.0,0.0,609.6691549997716,1350.020133316629,1516.2448946669067,0.0,1459.005641409722,2540.262940518068,339.66376401417136,249.35017055713593,1950.0985952425015,0.0,1349.1162100692459,1274.19432603817,1152.826867767786,713.5786802849447,874.4530178318289,1786.3564844089256,1208.6343673508718,1349.0869772806527,2834.0049112878096,729.5885845381049,0.0,0.0,577.1545340142111,1427.7695526918103,1545.3307373838604,0.0,1495.144620070301,1101.5040341214133,112.90813200502919,0.0,1276.3467393208734,1097.7426845591335,116.30421742937745,139.94343524475084,381.84568588559887,0.0,0.0,2674.4029106431435,821.3930752840554,1024.9509803366302,1351.7105034367073,462.30939682524314,989.8898554658795,1036.5999847825572,0.0,0.0,801.8941545357854,0.0,0.0,0.0,0.0,0.0,1073.4833387669005,653.8445144824938,1052.2513100262086,37.87315222209236,1060.6439234421969,928.7106338341285,0.0,0.0,0.0,349.6063732653788,1295.49564712617,0.0,434.13934725245167,1878.621910108428,0.0,0.0,1291.7276400973346,1921.2378057947822,455.01228353332556,446.31807523393684,210.7605451844147,819.7174615559215,1255.6986109544514,941.5358708931933,804.077481240326,1835.7498506280474,2207.7968233973706,575.1953786632151,0.0,0.0,1160.6654824037444,1464.5263051729578,503.1939342473413,1140.2216811203298,1052.0662955301793,336.4714609584225,0.0,0.0,322.0988315809939,964.1043801292732,0.0
23,0.0,1861.6752338353685,191.00305097630041,0.0,1123.3592012282552,0.0,0.0,529.7791227444998,1618.8842183383892,1948.5796766960377,0.0,1203.5569662843136,2610.1700412364116,95.62811637670939,2.4563392418792773,2010.2408917062344,0.0,1500.2361088904609,1440.2666143617384,895.6736971847744,653.7302449917238,1109.310535842633,1881.7649801305004,1057.7888901932217,1333.2065230437825,2879.323926760766,565.5948429817943,0.0,0.0,755.9889960205155,1570.9421001448786,1542.3530546010188,0.0,1479.1007651892635,1091.854548977889,156.48789230414263,0.0,1462.6260456601453,1171.3926949479624,235.74735278772528,409.86452360329247,284.82573820370817,0.0,0.0,2870.8134894076056,672.5073299505968,846.7237642984621,1114.7370257116036,584.9897874046114,967.2077326380168,1097.158858627353,0.0,0.0,679.6193396572687,0.0,157.25691243005826,0.0,0.0,10.34188380958426,1098.9337989666235,852.7185465649783,921.1380592998316,6.394404824117828,1069.9437926147177,722.7435233382055,0.0,0.0,0.0,290.1152953544963,1374.943820218417,0.0,350.5914966790765,1889.3011650663698,0.0,0.0,1423.8057151625055,1855.6623774235738,436.0622817433741,447.03646362838657,208.27672846659812,589.767925978231,1127.4435047899556,712.3265985236815,675.7368105019137,1891.4356481534674,2321.693162859223,709.3566703349682,0.0,0.0,971.0659255155645,1559.4732134056121,706.8747419106782,1012.5950439966273,1085.017958248333,333.39887870891437,0.0,0.0,592.6696348662939,848.222664084272,0.0
24,0.0,1709.2888362830022,53.94109592070538,0.0,1072.6358927480255,0.0,0.0,361.68540527812195,1833.4595076539367,2383.2556002576803,0.0,906.3164733482953,2635.8523929883772,122.65270536419109,0.0,2158.2994511619445,63.053170452126324,1784.1418583581294,1501.105356624399,741.344418037869,728.7430923474662,1125.1552383535188,1960.4672316745898,840.2231247760669,1273.2549655642097,2765.4718133810866,498.984774778174,0.0,0.0,967.6535967852999,1549.7325856727734,1565.8268177982904,0.0,1433.961172576002,1267.9760754195945,160.79864826260632,0.0,1569.6154677356922,1170.8555566507598,421.8799616198602,703.3307051426954,131.3095283307839,0.0,64.96846341015441,3034.3720635183417,509.6035055201969,828.7217360084692,965.5919444630846,707.6291946064691,867.5796778211223,1124.9043170141501,0.0,0.0,530.5169224476763,206.54020198118724,467.9609238192502,0.0,0.0,316.5783583568533,1132.962247910558,1102.0414329864595,795.4820539603008,0.0,1185.933476888697,511.84066997333105,0.0,160.01274950378252,0.0,365.85563962322186,1556.0520903411366,0.0,232.32477197487458,1936.636498555714,0.0,0.0,1494.0254599557475,1833.1833509117134,404.1163922474988,470.2700890518828,70.6428490133469,439.78676666113677,970.3584337777559,481.7726506732828,567.5355781385975,1985.8838186177047,2337.32795393417,719.0895139285434,0.0,0.0,896.5072013198567,1566.4329991974905,1032.1087883772136,909.5691087673965,1119.4135698854034,182.99518669891222,0.0,0.0,911.4403761750868,642.3733752516372,0.0
