tol,day,country,n_sets,mean_ratio,ci_lower,ci_upper,ratio_1000,extreme_1000,within_ci,rel_dev_pct
0.0100,271,AT,10,5.0468,3.3405,6.7530,7.6348,False,False,51.2800
0.0100,271,BE,10,4.7279,3.2741,6.1817,2.6704,False,False,-43.5183
0.0100,271,BG,10,3.7427,2.2931,5.1923,4.5382,False,True,21.2547
0.0100,271,CH,10,1.6886,1.3101,2.0672,48818985.0576,True,False,
0.0100,271,CZ,10,3.6048,1.1575,6.0521,5.2598,False,True,45.9110
0.0100,271,DE,10,1.9747,1.6206,2.3288,1.3801,False,False,-30.1109
0.0100,271,DK,10,3.8818,2.5193,5.2443,3.3318,False,True,-14.1687
0.0100,271,EE,10,0.0000,,,64537.1364,True,False,
0.0100,271,EL,10,1.3485,1.3025,1.3944,1.4074,False,False,4.3678
0.0100,271,ES,10,1.3502,1.2785,1.4220,1.3311,False,True,-1.4146
0.0100,271,FI,10,0.0000,,,978338.6720,True,False,
0.0100,271,FR,10,1.8484,1.6559,2.0408,1.9188,False,True,3.8087
0.0100,271,HR,10,4.4920,0.9938,7.9902,0.0000,False,False,-100.0000
0.0100,271,HU,10,4.1166,2.9996,5.2336,6.2064,False,False,50.7652
0.0100,271,IE,10,15.6930,0.5625,30.8235,31720.2103,True,False,
0.0100,271,IT,10,1.3040,1.2246,1.3835,1.3792,False,True,5.7669
0.0100,271,LT,10,0.0000,,,2218593.8780,True,False,
0.0100,271,LU,10,3.0644,1.7520,4.3768,2.4997,False,True,-18.4278
0.0100,271,LV,10,0.0000,,,7127.9290,True,False,
0.0100,271,NL,10,4.1078,2.8262,5.3895,2.6362,False,False,-35.8245
0.0100,271,NO,10,3.5064,1.7684,5.2444,5.1754,False,True,47.5987
0.0100,271,PL,10,30.2168,14.6527,45.7808,0.0000,False,False,-100.0000
0.0100,271,PT,10,1.3958,1.3382,1.4533,1.3560,False,True,-2.8514
0.0100,271,RO,10,6.0964,-0.0528,12.2455,2.1192,False,True,-65.2385
0.0100,271,SE,10,2.4878,1.8530,3.1227,1.9538,False,True,-21.4647
0.0100,271,SI,10,0.7698,0.2732,1.2664,0.0000,False,False,-100.0000
0.0100,271,SK,10,1.0474,1.0325,1.0623,1.0000,False,False,-4.5255
0.0100,271,UK,10,3.2682,2.7867,3.7498,3.0203,False,True,-7.5852
0.0100,301,AT,10,3.4654,2.3947,4.5362,5.4041,False,False,55.9445
0.0100,301,BE,10,10.2201,-0.9622,21.4025,0.0000,False,True,-100.0000
0.0100,301,BG,10,4.8288,3.0281,6.6296,11.3713,False,False,135.4891
0.0100,301,CH,10,1.4647,1.3042,1.6253,1.4731,False,True,0.5735
0.0100,301,CZ,10,4.5256,1.3164,7.7348,0.0000,False,False,-100.0000
0.0100,301,DE,10,2.7841,2.0192,3.5489,6.3335,False,False,127.4882
0.0100,301,DK,10,86.0877,-25.8767,198.0521,0.0000,False,True,-100.0000
0.0100,301,EE,10,3.9982,-5.0464,13.0429,81495.2414,True,False,
0.0100,301,EL,10,1.2581,1.2042,1.3120,1.3068,False,True,3.8709
0.0100,301,ES,10,1.4209,1.3328,1.5090,1.3546,False,True,-4.6661
0.0100,301,FI,10,3.3643,-4.2463,10.9749,684472.0835,True,False,
0.0100,301,FR,10,2.0070,1.8440,2.1699,2.7182,False,False,35.4360
0.0100,301,HR,10,6.9536,4.8969,9.0102,14.4969,False,False,108.4805
0.0100,301,HU,10,4.0267,2.9672,5.0863,7.6191,False,False,89.2145
0.0100,301,IE,10,11.6673,1.3836,21.9511,386865.9736,True,False,
0.0100,301,IT,10,1.5129,1.3699,1.6560,1.6545,False,True,9.3595
0.0100,301,LT,10,12.9932,-2.5039,28.4902,2247311.4127,True,False,
0.0100,301,LU,10,139.0878,-159.8850,438.0606,1611846.1512,True,False,
0.0100,301,LV,10,7.2451,-8.2889,22.7791,139559.9417,True,False,
0.0100,301,NL,10,13.0688,7.8108,18.3268,0.0000,False,False,-100.0000
0.0100,301,NO,10,1.5051,-0.0621,3.0723,5673155.1395,True,False,
0.0100,301,PL,10,14.2521,6.7407,21.7634,87.5999,False,False,514.6456
0.0100,301,PT,10,1.5796,1.4147,1.7444,1.4334,False,True,-9.2555
0.0100,301,RO,10,2.5798,2.3581,2.8014,3.9511,False,False,53.1553
0.0100,301,SE,10,14.6901,3.9736,25.4065,0.0000,False,False,-100.0000
0.0100,301,SI,10,1.0222,0.4736,1.5709,0.0000,False,False,-100.0000
0.0100,301,SK,10,1.0332,1.0246,1.0417,1.0210,False,False,-1.1808
0.0100,301,UK,10,8.1380,-1.7525,18.0285,48.2031,False,False,492.3212
0.0100,332,AT,10,4.0577,2.9791,5.1363,8.2001,False,False,102.0874
0.0100,332,BE,10,10.7636,3.2468,18.2804,0.0000,False,False,-100.0000
0.0100,332,BG,10,2.8484,2.2014,3.4954,3.5002,False,False,22.8830
0.0100,332,CH,10,1.2442,1.1445,1.3438,1.3386,False,True,7.5872
0.0100,332,CZ,10,2.6337,0.8791,4.3883,0.0000,False,False,-100.0000
0.0100,332,DE,10,5.4190,3.5419,7.2962,0.0000,False,False,-100.0000
0.0100,332,DK,10,7.0337,-2.1045,16.1718,0.0000,False,True,-100.0000
0.0100,332,EE,10,0.0000,,,0.0000,False,False,
0.0100,332,EL,10,1.3806,1.2793,1.4819,1.3798,False,True,-0.0579
0.0100,332,ES,10,1.3911,1.2731,1.5091,1.3644,False,True,-1.9193
0.0100,332,FI,10,0.0000,,,0.0000,False,False,
0.0100,332,FR,10,1.7347,1.5257,1.9436,1.6975,False,True,-2.1445
0.0100,332,HR,10,4.8237,2.8114,6.8360,5.5991,False,True,16.0748
0.0100,332,HU,10,3.0998,2.5156,3.6841,3.2142,False,True,3.6906
0.0100,332,IE,10,0.0000,,,0.0000,False,False,
0.0100,332,IT,10,1.5434,1.3852,1.7016,1.4795,False,True,-4.1402
0.0100,332,LT,10,1.6876,-0.9116,4.2867,0.0000,False,True,-100.0000
0.0100,332,LU,10,3.6474,-3.7793,11.0741,0.0000,False,True,-100.0000
0.0100,332,LV,10,2.7086,-0.8406,6.2578,0.0000,False,True,-100.0000
0.0100,332,NL,10,14.0593,-3.7264,31.8450,0.0000,False,True,-100.0000
0.0100,332,NO,10,1.5541,0.4730,2.6353,0.0000,False,False,-100.0000
0.0100,332,PL,10,15.2225,7.7300,22.7150,0.0000,False,False,-100.0000
0.0100,332,PT,10,1.5703,1.4681,1.6725,1.5576,False,True,-0.8088
0.0100,332,RO,10,2.7794,2.4994,3.0594,3.9952,False,False,43.7433
0.0100,332,SE,10,8.5387,-0.3479,17.4252,0.0000,False,True,-100.0000
0.0100,332,SI,10,1.2463,1.0909,1.4016,0.0000,False,False,-100.0000
0.0100,332,SK,10,1.0281,1.0155,1.0407,1.0186,False,True,-0.9240
0.0100,332,UK,10,5.8860,0.0190,11.7529,0.0000,False,False,-100.0000
0.0100,362,AT,10,3.7690,2.8705,4.6675,7.8668,False,False,108.7238
0.0100,362,BE,10,9.5646,-2.4916,21.6208,0.0000,False,True,-100.0000
0.0100,362,BG,10,2.5151,1.9022,3.1279,3.1661,False,False,25.8837
0.0100,362,CH,10,1.3730,1.1621,1.5839,1.6497,False,False,20.1529
0.0100,362,CZ,10,4.0528,1.8936,6.2120,0.0000,False,False,-100.0000
0.0100,362,DE,10,67.5427,-14.1484,149.2338,0.0000,False,True,-100.0000
0.0100,362,DK,10,0.5254,-0.2837,1.3344,0.0000,False,True,-100.0000
0.0100,362,EE,10,0.1000,-0.1262,0.3262,0.0000,False,True,-100.0000
0.0100,362,EL,10,1.3670,1.2726,1.4614,1.4283,False,True,4.4843
0.0100,362,ES,10,1.5259,1.3551,1.6968,1.5124,False,True,-0.8847
0.0100,362,FI,10,0.2287,-0.1184,0.5759,0.0000,False,True,-100.0000
0.0100,362,FR,10,2.4577,2.1231,2.7924,2.3979,False,True,-2.4332
0.0100,362,HR,10,4.9849,3.9974,5.9724,6.9160,False,False,38.7390
0.0100,362,HU,10,22.2271,-11.5784,56.0326,21461598.8473,True,False,
0.0100,362,IE,10,0.8016,0.4994,1.1038,0.0000,False,False,-100.0000
0.0100,362,IT,10,1.2240,1.1613,1.2867,1.3614,False,False,11.2255
0.0100,362,LT,10,0.3286,-0.4148,1.0720,0.0000,False,True,-100.0000
0.0100,362,LU,10,0.0000,,,0.0000,False,False,
0.0100,362,LV,10,0.0000,,,0.0000,False,False,
0.0100,362,NL,10,5.4609,1.0496,9.8722,0.0000,False,False,-100.0000
0.0100,362,NO,10,1.0310,1.0116,1.0504,1.0992,False,False,6.6149
0.0100,362,PL,10,22.8399,0.6687,45.0112,0.0000,False,False,-100.0000
0.0100,362,PT,10,1.4847,1.3975,1.5718,1.3379,False,False,-9.8875
0.0100,362,RO,10,2.4016,2.1071,2.6960,2.9818,False,False,24.1589
0.0100,362,SE,10,0.0000,,,0.0000,False,False,
0.0100,362,SI,10,2.5725,-0.4197,5.5647,0.0000,False,True,-100.0000
0.0100,362,SK,10,1.0511,1.0299,1.0722,0.0000,False,False,-100.0000
0.0100,362,UK,10,306.9434,-381.4489,995.3357,605.5889,True,False,
0.0500,271,AT,10,3.4918,2.7256,4.2580,3.9126,False,True,12.0511
0.0500,271,BE,10,3.1003,2.5493,3.6513,2.0976,False,False,-32.3420
0.0500,271,BG,10,2.1722,1.8879,2.4565,2.3144,False,True,6.5464
0.0500,271,CH,10,1.2771,1.1563,1.3980,1.1831,False,True,-7.3604
0.0500,271,CZ,10,1.5933,1.3583,1.8283,1.6276,False,True,2.1528
0.0500,271,DE,10,2.0233,1.7697,2.2768,1.5701,False,False,-22.3991
0.0500,271,DK,10,3.2363,2.7143,3.7584,3.0242,False,True,-6.5538
0.0500,271,EE,10,8.0980,4.5415,11.6545,598611.5360,True,False,
0.0500,271,EL,10,1.3501,1.3069,1.3932,1.3437,False,True,-0.4740
0.0500,271,ES,10,1.3858,1.3216,1.4500,1.3482,False,True,-2.7132
0.0500,271,FI,10,17.8931,0.6516,35.1345,1123481.1129,True,False,
0.0500,271,FR,10,1.7846,1.6548,1.9144,1.8171,False,True,1.8211
0.0500,271,HR,10,4.5530,3.5726,5.5334,3.5972,False,True,-20.9928
0.0500,271,HU,10,2.8838,2.5037,3.2638,3.3705,False,False,16.8770
0.0500,271,IE,10,3.1796,1.0673,5.2919,8.4012,False,False,164.2219
0.0500,271,IT,10,1.2696,1.2305,1.3087,1.3195,False,False,3.9304
0.0500,271,LT,10,41.6874,-2.3877,85.7626,11773548.0091,True,False,
0.0500,271,LU,10,2.4061,2.0385,2.7738,1.6769,False,False,-30.3063
0.0500,271,LV,10,2.0568,1.3529,2.7608,976223.1135,True,False,
0.0500,271,NL,10,3.5563,3.1789,3.9337,2.6494,False,False,-25.5012
0.0500,271,NO,10,1.0973,1.0683,1.1262,1.1043,False,True,0.6379
0.0500,271,PL,10,9.5161,5.9919,13.0403,8.8995,False,True,-6.4795
0.0500,271,PT,10,1.4530,1.3963,1.5097,1.4001,False,True,-3.6407
0.0500,271,RO,10,2.9349,2.4739,3.3959,2.1025,False,False,-28.3621
0.0500,271,SE,10,2.6487,2.2730,3.0245,2.0698,False,False,-21.8560
0.0500,271,SI,10,1.0234,1.0083,1.0385,1.0058,False,False,-1.7198
0.0500,271,SK,10,1.0171,1.0118,1.0224,1.0005,False,False,-1.6321
0.0500,271,UK,10,2.6998,2.4818,2.9178,2.7744,False,True,2.7632
0.0500,301,AT,10,2.7298,2.3322,3.1274,3.1729,False,False,16.2320
0.0500,301,BE,10,3.4603,2.9824,3.9381,3.4682,False,True,0.2283
0.0500,301,BG,10,2.3890,2.0037,2.7744,2.4841,False,True,3.9807
0.0500,301,CH,10,1.2134,1.1593,1.2674,1.2219,False,True,0.7005
0.0500,301,CZ,10,1.5474,1.4000,1.6948,1.3695,False,False,-11.4967
0.0500,301,DE,10,2.3222,2.0465,2.5979,2.8588,False,False,23.1074
0.0500,301,DK,10,8.0734,6.2621,9.8847,10.0213,False,False,24.1274
0.0500,301,EE,10,6.6453,4.4952,8.7954,44.7124,False,False,572.8425
0.0500,301,EL,10,1.2485,1.2129,1.2841,1.2554,False,True,0.5527
0.0500,301,ES,10,1.4642,1.3840,1.5445,1.4262,False,True,-2.5953
0.0500,301,FI,10,8.1461,4.9941,11.2981,104.8488,False,False,1187.1043
0.0500,301,FR,10,1.8945,1.7748,2.0142,2.1891,False,False,15.5503
0.0500,301,HR,10,4.3679,3.5184,5.2173,5.2362,False,False,19.8791
0.0500,301,HU,10,3.1706,2.6195,3.7217,3.8041,False,False,19.9804
0.0500,301,IE,10,2.2069,1.5058,2.9079,9.1647,False,False,315.2748
0.0500,301,IT,10,1.3782,1.3141,1.4424,1.4118,False,True,2.4380
0.0500,301,LT,10,9.7178,6.5482,12.8875,12.9467,False,False,33.2267
0.0500,301,LU,10,2.8995,2.3110,3.4880,2.0510,False,False,-29.2637
0.0500,301,LV,10,1.8489,1.3548,2.3430,6.9464,False,False,275.7045
0.0500,301,NL,10,6.3529,5.1753,7.5305,5.8928,False,True,-7.2424
0.0500,301,NO,10,1.0666,1.0210,1.1122,1.0136,False,False,-4.9691
0.0500,301,PL,10,6.3198,5.3511,7.2886,8.5606,False,False,35.4568
0.0500,301,PT,10,1.6089,1.4822,1.7356,1.5296,False,True,-4.9288
0.0500,301,RO,10,2.3869,2.2654,2.5084,2.5271,False,False,5.8737
0.0500,301,SE,10,6.8082,4.6507,8.9656,6.7433,False,True,-0.9533
0.0500,301,SI,10,1.0312,0.9858,1.0765,1.0761,False,True,4.3542
0.0500,301,SK,10,1.0138,1.0091,1.0184,1.0131,False,True,-0.0690
0.0500,301,UK,10,2.5449,2.0299,3.0599,2.7437,False,True,7.8117
0.0500,332,AT,10,3.2369,2.7043,3.7694,4.8122,False,False,48.6669
0.0500,332,BE,10,5.4479,4.7040,6.1918,6.4860,False,False,19.0550
0.0500,332,BG,10,2.1749,1.8960,2.4538,2.3643,False,True,8.7084
0.0500,332,CH,10,1.1488,1.1066,1.1910,1.1466,False,True,-0.1915
0.0500,332,CZ,10,1.9588,1.6503,2.2672,1.6320,False,False,-16.6837
0.0500,332,DE,10,3.4681,2.8735,4.0627,3.7194,False,True,7.2460
0.0500,332,DK,10,7.8899,4.6939,11.0858,8.2552,False,True,4.6300
0.0500,332,EE,10,7.5332,4.9765,10.0900,0.0000,False,False,-100.0000
0.0500,332,EL,10,1.3928,1.3158,1.4697,1.4124,False,True,1.4072
0.0500,332,ES,10,1.4468,1.3501,1.5435,1.3919,False,True,-3.7946
0.0500,332,FI,10,13.2324,10.1948,16.2700,3906344.8333,True,False,
0.0500,332,FR,10,1.7343,1.5942,1.8744,1.6168,False,True,-6.7751
0.0500,332,HR,10,3.4656,2.6263,4.3049,3.5575,False,True,2.6518
0.0500,332,HU,10,2.5571,2.2960,2.8182,2.6187,False,True,2.4090
0.0500,332,IE,10,5.8355,2.3159,9.3550,0.0000,False,False,-100.0000
0.0500,332,IT,10,1.4637,1.3970,1.5304,1.4041,False,True,-4.0719
0.0500,332,LT,10,10.8321,7.1637,14.5004,11.5721,False,True,6.8315
0.0500,332,LU,10,3.9190,2.5919,5.2462,4.2219,False,True,7.7290
0.0500,332,LV,10,1.8936,1.4171,2.3701,7.3520,False,False,288.2552
0.0500,332,NL,10,11.3890,7.1085,15.6695,8.6000,False,True,-24.4885
0.0500,332,NO,10,1.0207,1.0133,1.0281,1.0220,False,True,0.1274
0.0500,332,PL,10,5.6096,4.6046,6.6146,6.2366,False,True,11.1773
0.0500,332,PT,10,1.6566,1.5709,1.7422,1.6537,False,True,-0.1751
0.0500,332,RO,10,2.4414,2.2432,2.6395,2.8126,False,False,15.2044
0.0500,332,SE,10,10.4935,8.1038,12.8832,8.4935,False,True,-19.0594
0.0500,332,SI,10,1.0338,1.0067,1.0609,1.0453,False,True,1.1124
0.0500,332,SK,10,1.0064,1.0013,1.0115,1.0049,False,True,-0.1490
0.0500,332,UK,10,4.7276,3.3053,6.1500,5.4051,False,True,14.3307
0.0500,362,AT,10,2.7071,2.4130,3.0012,3.1284,False,False,15.5628
0.0500,362,BE,10,3.2049,2.3847,4.0252,5.8293,False,False,81.8871
0.0500,362,BG,10,1.8101,1.6051,2.0150,2.0544,False,False,13.4965
0.0500,362,CH,10,1.1949,1.1408,1.2490,1.2094,False,True,1.2135
0.0500,362,CZ,10,2.3088,1.9882,2.6294,2.8153,False,False,21.9378
0.0500,362,DE,10,7.1318,4.7192,9.5444,7.5006,False,True,5.1712
0.0500,362,DK,10,1.3916,0.3004,2.4828,0.0000,False,False,-100.0000
0.0500,362,EE,10,1.0619,1.0046,1.1192,1.0000,False,False,-5.8292
0.0500,362,EL,10,1.3490,1.2604,1.4377,1.3516,False,True,0.1927
0.0500,362,ES,10,1.5216,1.4270,1.6161,1.4717,False,True,-3.2794
0.0500,362,FI,10,1.0173,1.0009,1.0337,1.0000,False,False,-1.7006
0.0500,362,FR,10,1.6446,1.4783,1.8110,2.0738,False,False,26.0975
0.0500,362,HR,10,3.1605,2.5095,3.8114,3.5597,False,True,12.6309
0.0500,362,HU,10,3.9519,3.5346,4.3692,3.5875,False,True,-9.2209
0.0500,362,IE,10,1.0003,0.9999,1.0007,1.0006,False,True,0.0300
0.0500,362,IT,10,1.1737,1.1389,1.2085,1.1661,False,True,-0.6475
0.0500,362,LT,10,44.3028,-5.5130,94.1185,3413746.5724,True,False,
0.0500,362,LU,10,4.8667,2.2494,7.4840,3.3376,False,True,-31.4196
0.0500,362,LV,10,1.3903,0.9760,1.8046,0.0000,False,False,-100.0000
0.0500,362,NL,10,1.6064,1.2588,1.9541,1.4794,False,True,-7.9059
0.0500,362,NO,10,1.0059,1.0039,1.0078,1.0032,False,False,-0.2684
0.0500,362,PL,10,8.3303,5.3330,11.3276,14.0716,False,False,68.9207
0.0500,362,PT,10,1.5720,1.5103,1.6336,1.4720,False,False,-6.3613
0.0500,362,RO,10,2.1145,1.8835,2.3456,2.3619,False,False,11.7002
0.0500,362,SE,10,78.0950,-80.6129,236.8028,22001578.9335,True,False,
0.0500,362,SI,10,1.0378,1.0035,1.0721,1.0397,False,True,0.1831
0.0500,362,SK,10,1.0195,1.0110,1.0280,1.0224,False,True,0.2845
0.0500,362,UK,10,1.1537,1.0563,1.2511,1.0919,False,True,-5.3567
0.1000,271,AT,10,3.0322,2.5951,3.4692,3.2065,False,True,5.7483
0.1000,271,BE,10,2.5993,2.3041,2.8945,2.2703,False,False,-12.6573
0.1000,271,BG,10,1.8814,1.6905,2.0722,2.0456,False,True,8.7275
0.1000,271,CH,10,1.1806,1.1182,1.2430,1.0979,False,False,-7.0049
0.1000,271,CZ,10,1.3501,1.2555,1.4447,1.3058,False,True,-3.2812
0.1000,271,DE,10,2.0710,1.8911,2.2508,1.9249,False,True,-7.0546
0.1000,271,DK,10,2.7879,2.4877,3.0882,3.2257,False,False,15.7036
0.1000,271,EE,10,6.0683,3.4056,8.7309,14.3832,False,False,137.0219
0.1000,271,EL,10,1.3500,1.3110,1.3889,1.3285,False,True,-1.5926
0.1000,271,ES,10,1.4247,1.3581,1.4913,1.3987,False,True,-1.8249
0.1000,271,FI,10,6.3886,0.5783,12.1988,31.8941,False,False,399.2346
0.1000,271,FR,10,1.7561,1.6340,1.8782,1.7679,False,True,0.6719
0.1000,271,HR,10,3.7511,3.1931,4.3091,3.7937,False,True,1.1357
0.1000,271,HU,10,2.6183,2.2906,2.9459,2.7176,False,True,3.7925
0.1000,271,IE,10,0.9615,0.8760,1.0469,10.4176,False,False,983.4737
0.1000,271,IT,10,1.2567,1.2284,1.2850,1.2560,False,True,-0.0557
0.1000,271,LT,10,7.6007,5.8396,9.3618,0.0000,False,False,-100.0000
0.1000,271,LU,10,2.0432,1.7389,2.3474,0.0000,False,False,-100.0000
0.1000,271,LV,10,2.6175,1.8189,3.4161,6.4271,False,False,145.5435
0.1000,271,NL,10,3.2530,2.7811,3.7249,3.1576,False,True,-2.9327
0.1000,271,NO,10,1.0434,1.0271,1.0597,1.0516,False,True,0.7859
0.1000,271,PL,10,4.0008,1.7390,6.2627,7.9602,False,False,98.9652
0.1000,271,PT,10,1.4633,1.3809,1.5456,0.0000,False,False,-100.0000
0.1000,271,RO,10,2.9033,2.5624,3.2442,2.2887,False,False,-21.1690
0.1000,271,SE,10,3.0546,2.6245,3.4847,2.2641,False,False,-25.8790
0.1000,271,SI,10,0.9854,0.9592,1.0116,1.0030,False,True,1.7861
0.1000,271,SK,10,1.0069,1.0020,1.0118,1.0156,False,False,0.8640
0.1000,271,UK,10,2.2265,2.0015,2.4516,2.6051,False,False,17.0043
0.1000,301,AT,10,2.4706,2.2444,2.6968,2.6045,False,True,5.4197
0.1000,301,BE,10,2.9469,2.6251,3.2686,3.3295,False,False,12.9831
0.1000,301,BG,10,2.0199,1.7855,2.2543,1.9664,False,True,-2.6486
0.1000,301,CH,10,1.1417,1.1077,1.1758,1.1288,False,True,-1.1299
0.1000,301,CZ,10,1.4062,1.3296,1.4827,0.0000,False,False,-100.0000
0.1000,301,DE,10,2.1642,1.9584,2.3700,2.4038,False,False,11.0711
0.1000,301,DK,10,4.9641,3.4508,6.4773,7.9124,False,False,59.3924
0.1000,301,EE,10,6.1775,3.9594,8.3955,9.1328,False,False,47.8397
0.1000,301,EL,10,1.2622,1.2329,1.2916,1.2513,False,True,-0.8636
0.1000,301,ES,10,1.5227,1.4393,1.6060,1.4978,False,True,-1.6353
0.1000,301,FI,10,2.0326,0.0447,4.0205,0.9519,False,True,-53.1684
0.1000,301,FR,10,1.6654,1.5800,1.7508,1.8831,False,False,13.0719
0.1000,301,HR,10,3.7539,3.1856,4.3222,4.1514,False,True,10.5890
0.1000,301,HU,10,2.6931,2.5246,2.8615,3.2308,False,False,19.9658
0.1000,301,IE,10,1.4749,1.0255,1.9243,8.4252,False,False,471.2387
0.1000,301,IT,10,1.3493,1.3061,1.3925,1.3492,False,True,-0.0074
0.1000,301,LT,10,7.0431,5.6976,8.3886,6.0367,False,True,-14.2892
0.1000,301,LU,10,2.1376,1.8634,2.4117,0.0000,False,False,-100.0000
0.1000,301,LV,10,2.6832,2.1595,3.2069,6.2050,False,False,131.2537
0.1000,301,NL,10,4.6711,3.8244,5.5178,5.6548,False,False,21.0593
0.1000,301,NO,10,1.0148,1.0117,1.0179,1.0165,False,True,0.1675
0.1000,301,PL,10,2.3256,1.0191,3.6321,0.0000,False,False,-100.0000
0.1000,301,PT,10,1.6136,1.5210,1.7062,1.5682,False,True,-2.8136
0.1000,301,RO,10,2.2469,2.1315,2.3622,2.3251,False,True,3.4804
0.1000,301,SE,10,5.3692,4.1845,6.5538,5.3421,False,True,-0.5047
0.1000,301,SI,10,1.0043,0.9773,1.0314,0.0000,False,False,-100.0000
0.1000,301,SK,10,1.0041,1.0008,1.0075,1.0150,False,False,1.0855
0.1000,301,UK,10,2.2786,1.9650,2.5923,2.4270,False,True,6.5128
0.1000,332,AT,10,2.8871,2.5125,3.2618,3.4153,False,False,18.2952
0.1000,332,BE,10,3.6952,3.3694,4.0210,0.0000,False,False,-100.0000
0.1000,332,BG,10,1.8878,1.7412,2.0343,2.0226,False,True,7.1406
0.1000,332,CH,10,1.1179,1.0894,1.1463,1.0817,False,False,-3.2382
0.1000,332,CZ,10,1.6646,1.5018,1.8275,0.0000,False,False,-100.0000
0.1000,332,DE,10,2.9982,2.6450,3.3514,3.3472,False,True,11.6403
0.1000,332,DK,10,4.0384,3.0487,5.0281,5.1937,False,False,28.6079
0.1000,332,EE,10,2.3356,0.9974,3.6738,18.0228,False,False,671.6561
0.1000,332,EL,10,1.3605,1.2898,1.4313,1.3536,False,True,-0.5072
0.1000,332,ES,10,1.4764,1.4051,1.5477,1.4419,False,True,-2.3368
0.1000,332,FI,10,2.0728,0.0065,4.1391,1.7439,False,True,-15.8674
0.1000,332,FR,10,1.7476,1.6176,1.8776,1.6522,False,True,-5.4589
0.1000,332,HR,10,2.9875,2.4821,3.4929,3.3456,False,True,11.9866
0.1000,332,HU,10,2.4136,2.1936,2.6335,2.3875,False,True,-1.0814
0.1000,332,IE,10,0.9919,0.9838,1.0000,0.0000,False,False,-100.0000
0.1000,332,IT,10,1.4475,1.3828,1.5122,1.4344,False,True,-0.9050
0.1000,332,LT,10,6.5909,5.3119,7.8698,6.9605,False,True,5.6077
0.1000,332,LU,10,2.5789,2.1709,2.9868,2.2601,False,True,-12.3619
0.1000,332,LV,10,1.9185,1.2592,2.5779,0.0000,False,False,-100.0000
0.1000,332,NL,10,5.2446,2.7139,7.7753,7.2746,False,True,38.7065
0.1000,332,NO,10,1.0091,1.0056,1.0126,1.0103,False,True,0.1189
0.1000,332,PL,10,4.8605,4.3287,5.3924,0.0000,False,False,-100.0000
0.1000,332,PT,10,1.6006,1.5033,1.6980,1.6773,False,True,4.7920
0.1000,332,RO,10,2.1527,1.9800,2.3255,2.2982,False,True,6.7590
0.1000,332,SE,10,4.5008,2.0823,6.9194,7.9011,False,False,75.5488
0.1000,332,SI,10,1.0242,1.0043,1.0442,1.0277,False,True,0.3417
0.1000,332,SK,10,1.0005,0.9964,1.0045,1.0068,False,False,0.6297
0.1000,332,UK,10,2.4467,1.5762,3.3172,3.7655,False,False,53.9012
0.1000,362,AT,10,2.6014,2.4713,2.7314,2.7061,False,True,4.0248
0.1000,362,BE,10,1.4559,1.2868,1.6249,1.5483,False,True,6.3466
0.1000,362,BG,10,1.6133,1.5099,1.7167,1.7616,False,False,9.1923
0.1000,362,CH,10,1.1406,1.1154,1.1657,1.1608,False,True,1.7710
0.1000,362,CZ,10,1.6810,1.5119,1.8501,2.1851,False,False,29.9881
0.1000,362,DE,10,1.9902,1.6368,2.3436,3.2117,False,False,61.3757
0.1000,362,DK,10,1.4253,0.9476,1.9030,1.0992,False,True,-22.8794
0.1000,362,EE,10,1.0121,1.0078,1.0163,1.0106,False,True,-0.1482
0.1000,362,EL,10,1.3310,1.2679,1.3941,1.3313,False,True,0.0225
0.1000,362,ES,10,1.5057,1.4374,1.5740,1.5578,False,True,3.4602
0.1000,362,FI,10,1.0049,1.0016,1.0082,1.0000,False,False,-0.4876
0.1000,362,FR,10,1.3052,1.2267,1.3837,1.3446,False,True,3.0187
0.1000,362,HR,10,2.8229,2.2939,3.3519,2.9209,False,True,3.4716
0.1000,362,HU,10,3.3326,3.0660,3.5991,3.1694,False,True,-4.8971
0.1000,362,IE,10,1.0001,1.0000,1.0001,1.0002,False,False,0.0100
0.1000,362,IT,10,1.1759,1.1433,1.2085,1.1717,False,True,-0.3572
0.1000,362,LT,10,2.6896,0.6463,4.7329,3.2093,False,True,19.3226
0.1000,362,LU,10,3.1952,2.4492,3.9411,2.2611,False,False,-29.2345
0.1000,362,LV,10,1.0337,0.9785,1.0889,0.9912,False,True,-4.1114
0.1000,362,NL,10,1.2249,1.1308,1.3189,1.1523,False,True,-5.9270
0.1000,362,NO,10,1.0039,1.0020,1.0057,1.0051,False,True,0.1195
0.1000,362,PL,10,1.6413,0.3897,2.8929,1.5552,False,True,-5.2458
0.1000,362,PT,10,1.6763,1.5973,1.7553,1.5469,False,False,-7.7194
0.1000,362,RO,10,1.9453,1.7024,2.1882,2.2379,False,False,15.0414
0.1000,362,SE,10,1.0195,1.0035,1.0355,1.0140,False,True,-0.5395
0.1000,362,SI,10,1.0186,1.0068,1.0305,0.0000,False,False,-100.0000
0.1000,362,SK,10,1.0039,0.9962,1.0117,1.0157,False,False,1.1754
0.1000,362,UK,10,1.0682,1.0372,1.0993,1.0507,False,True,-1.6383
